subregion,date,dhw
Broward-Miami,2023-06-01,0
Broward-Miami,2023-06-02,0
Broward-Miami,2023-06-03,0
Broward-Miami,2023-06-04,0
Broward-Miami,2023-06-05,0
Broward-Miami,2023-06-06,0
Broward-Miami,2023-06-07,0
Broward-Miami,2023-06-08,0
Broward-Miami,2023-06-09,0
Broward-Miami,2023-06-10,0
Broward-Miami,2023-06-11,0
Broward-Miami,2023-06-12,0
Broward-Miami,2023-06-13,0
Broward-Miami,2023-06-14,0
Broward-Miami,2023-06-15,0
Broward-Miami,2023-06-16,0
Broward-Miami,2023-06-17,0
Broward-Miami,2023-06-18,0
Broward-Miami,2023-06-19,0
Broward-Miami,2023-06-20,0
Broward-Miami,2023-06-21,0
Broward-Miami,2023-06-22,0
Broward-Miami,2023-06-23,0
Broward-Miami,2023-06-24,0
Broward-Miami,2023-06-25,0
Broward-Miami,2023-06-26,0
Broward-Miami,2023-06-27,0
Broward-Miami,2023-06-28,0
Broward-Miami,2023-06-29,0
Broward-Miami,2023-06-30,0
Broward-Miami,2023-07-01,0
Broward-Miami,2023-07-02,0
Broward-Miami,2023-07-03,0
Broward-Miami,2023-07-04,0
Broward-Miami,2023-07-05,0.15181818181818182
Broward-Miami,2023-07-06,0.31727272727272726
Broward-Miami,2023-07-07,0.5118181818181818
Broward-Miami,2023-07-08,0.6890909090909091
Broward-Miami,2023-07-09,0.85
Broward-Miami,2023-07-10,1.0154545454545454
Broward-Miami,2023-07-11,1.180909090909091
Broward-Miami,2023-07-12,1.4009090909090909
Broward-Miami,2023-07-13,1.6227272727272728
Broward-Miami,2023-07-14,1.8663636363636364
Broward-Miami,2023-07-15,2.097272727272727
Broward-Miami,2023-07-16,2.311818181818182
Broward-Miami,2023-07-17,2.4927272727272727
Broward-Miami,2023-07-18,2.6754545454545458
Broward-Miami,2023-07-19,2.8745454545454545
Broward-Miami,2023-07-20,3.0509090909090912
Broward-Miami,2023-07-21,3.2272727272727275
Broward-Miami,2023-07-22,3.4372727272727275
Broward-Miami,2023-07-23,3.6399999999999997
Broward-Miami,2023-07-24,3.8363636363636364
Broward-Miami,2023-07-25,4.034545454545454
Broward-Miami,2023-07-26,4.201818181818182
Broward-Miami,2023-07-27,4.372727272727273
Broward-Miami,2023-07-28,4.529090909090909
Broward-Miami,2023-07-29,4.529090909090909
Broward-Miami,2023-07-30,4.529090909090909
Broward-Miami,2023-07-31,4.529090909090909
Broward-Miami,2023-08-01,4.6854545454545455
Broward-Miami,2023-08-02,4.780909090909091
Broward-Miami,2023-08-03,4.940909090909091
Broward-Miami,2023-08-04,5.116363636363636
Broward-Miami,2023-08-05,5.304545454545455
Broward-Miami,2023-08-06,5.503636363636364
Broward-Miami,2023-08-07,5.700909090909091
Broward-Miami,2023-08-08,5.889090909090909
Broward-Miami,2023-08-09,6.1027272727272726
Broward-Miami,2023-08-10,6.3090909090909095
Broward-Miami,2023-08-11,6.520909090909091
Broward-Miami,2023-08-12,6.758181818181818
Broward-Miami,2023-08-13,6.97
Broward-Miami,2023-08-14,7.1463636363636365
Broward-Miami,2023-08-15,7.329090909090909
Broward-Miami,2023-08-16,7.5236363636363635
Broward-Miami,2023-08-17,7.705454545454546
Broward-Miami,2023-08-18,7.913636363636364
Broward-Miami,2023-08-19,8.073636363636364
Broward-Miami,2023-08-20,8.252727272727274
Broward-Miami,2023-08-21,8.437272727272727
Broward-Miami,2023-08-22,8.602727272727273
Broward-Miami,2023-08-23,8.772727272727273
Broward-Miami,2023-08-24,8.950909090909091
Broward-Miami,2023-08-25,9.117272727272727
Broward-Miami,2023-08-26,9.277272727272727
Broward-Miami,2023-08-27,9.456363636363637
Broward-Miami,2023-08-28,9.631818181818183
Broward-Miami,2023-08-29,9.805454545454547
Broward-Miami,2023-08-30,9.985454545454546
Broward-Miami,2023-08-31,9.985454545454546
Broward-Miami,2023-09-01,9.985454545454546
Broward-Miami,2023-09-02,9.985454545454546
Broward-Miami,2023-09-03,9.985454545454546
Broward-Miami,2023-09-04,9.985454545454546
Broward-Miami,2023-09-05,9.985454545454546
Broward-Miami,2023-09-06,9.985454545454546
Broward-Miami,2023-09-07,9.985454545454546
Broward-Miami,2023-09-08,9.985454545454546
Broward-Miami,2023-09-09,9.985454545454546
Broward-Miami,2023-09-10,9.985454545454546
Broward-Miami,2023-09-11,9.985454545454546
Broward-Miami,2023-09-12,9.985454545454546
Broward-Miami,2023-09-13,9.985454545454546
Broward-Miami,2023-09-14,9.985454545454546
Broward-Miami,2023-09-15,9.985454545454546
Broward-Miami,2023-09-16,9.985454545454546
Broward-Miami,2023-09-17,10.054545454545455
Broward-Miami,2023-09-18,10.19909090909091
Broward-Miami,2023-09-19,10.366363636363637
Broward-Miami,2023-09-20,10.366363636363637
Broward-Miami,2023-09-21,10.366363636363637
Broward-Miami,2023-09-22,10.366363636363637
Broward-Miami,2023-09-23,10.366363636363637
Broward-Miami,2023-09-24,10.366363636363637
Broward-Miami,2023-09-25,10.366363636363637
Broward-Miami,2023-09-26,10.366363636363637
Broward-Miami,2023-09-27,10.222727272727273
Broward-Miami,2023-09-28,10.051818181818183
Broward-Miami,2023-09-29,9.854545454545455
Broward-Miami,2023-09-30,9.677272727272728
Broward-Miami,2023-10-01,9.521818181818182
Broward-Miami,2023-10-02,9.350909090909092
Broward-Miami,2023-10-03,9.187272727272727
Broward-Miami,2023-10-04,8.967272727272727
Broward-Miami,2023-10-05,8.746363636363636
Broward-Miami,2023-10-06,8.501818181818182
Broward-Miami,2023-10-07,8.270909090909091
Broward-Miami,2023-10-08,8.054545454545455
Broward-Miami,2023-10-09,7.872727272727273
Broward-Miami,2023-10-10,7.696363636363636
Broward-Miami,2023-10-11,7.497272727272727
Broward-Miami,2023-10-12,7.32
Broward-Miami,2023-10-13,7.13909090909091
Broward-Miami,2023-10-14,6.9363636363636365
Broward-Miami,2023-10-15,6.734545454545455
Broward-Miami,2023-10-16,6.53
Broward-Miami,2023-10-17,6.330909090909091
Broward-Miami,2023-10-18,6.169090909090909
Broward-Miami,2023-10-19,5.995454545454546
Broward-Miami,2023-10-20,5.836363636363637
Broward-Miami,2023-10-21,5.836363636363637
Broward-Miami,2023-10-22,5.836363636363637
Broward-Miami,2023-10-23,5.836363636363637
Broward-Miami,2023-10-24,5.6854545454545455
Broward-Miami,2023-10-25,5.590909090909091
Broward-Miami,2023-10-26,5.430909090909091
Broward-Miami,2023-10-27,5.255454545454546
Broward-Miami,2023-10-28,5.0645454545454545
Broward-Miami,2023-10-29,4.864545454545454
Broward-Miami,2023-10-30,4.672727272727273
Broward-Miami,2023-10-31,4.4790909090909095
Broward-Miami,2023-11-01,4.263636363636364
Broward-Miami,2023-11-02,4.0600000000000005
Broward-Miami,2023-11-03,3.8527272727272726
Broward-Miami,2023-11-04,3.6072727272727274
Broward-Miami,2023-11-05,3.400909090909091
Broward-Miami,2023-11-06,3.221818181818182
Broward-Miami,2023-11-07,3.036363636363636
Broward-Miami,2023-11-08,2.8454545454545457
Broward-Miami,2023-11-09,2.6663636363636365
Broward-Miami,2023-11-10,2.4518181818181817
Broward-Miami,2023-11-11,2.291818181818182
Broward-Miami,2023-11-12,2.1163636363636362
Broward-Miami,2023-11-13,1.9363636363636365
Broward-Miami,2023-11-14,1.769090909090909
Broward-Miami,2023-11-15,1.5936363636363635
Broward-Miami,2023-11-16,1.4181818181818182
Broward-Miami,2023-11-17,1.2536363636363637
Broward-Miami,2023-11-18,1.0881818181818181
Broward-Miami,2023-11-19,0.9127272727272727
Broward-Miami,2023-11-20,0.74
Broward-Miami,2023-11-21,0.5636363636363636
Broward-Miami,2023-11-22,0.38636363636363635
Broward-Miami,2023-11-23,0.38636363636363635
Broward-Miami,2023-11-24,0.38636363636363635
Broward-Miami,2023-11-25,0.38636363636363635
Broward-Miami,2023-11-26,0.38636363636363635
Broward-Miami,2023-11-27,0.38636363636363635
Broward-Miami,2023-11-28,0.38636363636363635
Broward-Miami,2023-11-29,0.38636363636363635
Broward-Miami,2023-11-30,0.38636363636363635
Broward-Miami,2023-12-01,0.38636363636363635
Broward-Miami,2023-12-02,0.38636363636363635
Broward-Miami,2023-12-03,0.38636363636363635
Broward-Miami,2023-12-04,0.38636363636363635
Broward-Miami,2023-12-05,0.38636363636363635
Broward-Miami,2023-12-06,0.38636363636363635
Broward-Miami,2023-12-07,0.38636363636363635
Broward-Miami,2023-12-08,0.38636363636363635
Broward-Miami,2023-12-09,0.38636363636363635
Broward-Miami,2023-12-10,0.31636363636363635
Broward-Miami,2023-12-11,0.17
Broward-Miami,2023-12-12,0
Broward-Miami,2023-12-13,0
Broward-Miami,2023-12-14,0
Broward-Miami,2023-12-15,0
Broward-Miami,2023-12-16,0
Broward-Miami,2023-12-17,0
Broward-Miami,2023-12-18,0
Broward-Miami,2023-12-19,0
Broward-Miami,2023-12-20,0
Broward-Miami,2023-12-21,0
Broward-Miami,2023-12-22,0
Broward-Miami,2023-12-23,0
Broward-Miami,2023-12-24,0
Broward-Miami,2023-12-25,0
Broward-Miami,2023-12-26,0
Broward-Miami,2023-12-27,0
Broward-Miami,2023-12-28,0
Broward-Miami,2023-12-29,0
Broward-Miami,2023-12-30,0
Broward-Miami,2023-12-31,0
Biscayne,2023-06-01,0
Biscayne,2023-06-02,0
Biscayne,2023-06-03,0
Biscayne,2023-06-04,0
Biscayne,2023-06-05,0
Biscayne,2023-06-06,0
Biscayne,2023-06-07,0
Biscayne,2023-06-08,0
Biscayne,2023-06-09,0
Biscayne,2023-06-10,0
Biscayne,2023-06-11,0
Biscayne,2023-06-12,0
Biscayne,2023-06-13,0
Biscayne,2023-06-14,0
Biscayne,2023-06-15,0
Biscayne,2023-06-16,0
Biscayne,2023-06-17,0
Biscayne,2023-06-18,0
Biscayne,2023-06-19,0
Biscayne,2023-06-20,0
Biscayne,2023-06-21,0
Biscayne,2023-06-22,0
Biscayne,2023-06-23,0
Biscayne,2023-06-24,0
Biscayne,2023-06-25,0
Biscayne,2023-06-26,0
Biscayne,2023-06-27,0
Biscayne,2023-06-28,0
Biscayne,2023-06-29,0
Biscayne,2023-06-30,0
Biscayne,2023-07-01,0.05
Biscayne,2023-07-02,0.11333333333333333
Biscayne,2023-07-03,0.16444444444444445
Biscayne,2023-07-04,0.3088888888888889
Biscayne,2023-07-05,0.5222222222222223
Biscayne,2023-07-06,0.7411111111111112
Biscayne,2023-07-07,0.98
Biscayne,2023-07-08,1.21
Biscayne,2023-07-09,1.43
Biscayne,2023-07-10,1.6733333333333333
Biscayne,2023-07-11,1.9355555555555557
Biscayne,2023-07-12,2.2122222222222225
Biscayne,2023-07-13,2.507777777777778
Biscayne,2023-07-14,2.8133333333333335
Biscayne,2023-07-15,3.121111111111111
Biscayne,2023-07-16,3.4344444444444444
Biscayne,2023-07-17,3.7111111111111112
Biscayne,2023-07-18,3.982222222222222
Biscayne,2023-07-19,4.223333333333334
Biscayne,2023-07-20,4.445555555555556
Biscayne,2023-07-21,4.687777777777778
Biscayne,2023-07-22,4.952222222222223
Biscayne,2023-07-23,5.246666666666667
Biscayne,2023-07-24,5.527777777777778
Biscayne,2023-07-25,5.816666666666667
Biscayne,2023-07-26,6.082222222222223
Biscayne,2023-07-27,6.326666666666667
Biscayne,2023-07-28,6.527777777777778
Biscayne,2023-07-29,6.594444444444444
Biscayne,2023-07-30,6.628888888888889
Biscayne,2023-07-31,6.714444444444445
Biscayne,2023-08-01,6.906666666666666
Biscayne,2023-08-02,7.075555555555556
Biscayne,2023-08-03,7.282222222222222
Biscayne,2023-08-04,7.487777777777778
Biscayne,2023-08-05,7.726666666666667
Biscayne,2023-08-06,7.986666666666666
Biscayne,2023-08-07,8.27
Biscayne,2023-08-08,8.555555555555555
Biscayne,2023-08-09,8.843333333333334
Biscayne,2023-08-10,9.165555555555557
Biscayne,2023-08-11,9.473333333333333
Biscayne,2023-08-12,9.79888888888889
Biscayne,2023-08-13,10.105555555555556
Biscayne,2023-08-14,10.362222222222222
Biscayne,2023-08-15,10.613333333333333
Biscayne,2023-08-16,10.827777777777778
Biscayne,2023-08-17,11.03888888888889
Biscayne,2023-08-18,11.262222222222222
Biscayne,2023-08-19,11.45111111111111
Biscayne,2023-08-20,11.633333333333333
Biscayne,2023-08-21,11.822222222222223
Biscayne,2023-08-22,12.001111111111111
Biscayne,2023-08-23,12.176666666666668
Biscayne,2023-08-24,12.348888888888888
Biscayne,2023-08-25,12.512222222222222
Biscayne,2023-08-26,12.65
Biscayne,2023-08-27,12.824444444444445
Biscayne,2023-08-28,12.99
Biscayne,2023-08-29,13.176666666666668
Biscayne,2023-08-30,13.316666666666666
Biscayne,2023-08-31,13.4
Biscayne,2023-09-01,13.431111111111111
Biscayne,2023-09-02,13.431111111111111
Biscayne,2023-09-03,13.431111111111111
Biscayne,2023-09-04,13.431111111111111
Biscayne,2023-09-05,13.431111111111111
Biscayne,2023-09-06,13.431111111111111
Biscayne,2023-09-07,13.431111111111111
Biscayne,2023-09-08,13.431111111111111
Biscayne,2023-09-09,13.431111111111111
Biscayne,2023-09-10,13.431111111111111
Biscayne,2023-09-11,13.431111111111111
Biscayne,2023-09-12,13.513333333333334
Biscayne,2023-09-13,13.65
Biscayne,2023-09-14,13.775555555555556
Biscayne,2023-09-15,13.893333333333333
Biscayne,2023-09-16,14.02
Biscayne,2023-09-17,14.193333333333333
Biscayne,2023-09-18,14.367777777777778
Biscayne,2023-09-19,14.540000000000001
Biscayne,2023-09-20,14.658888888888889
Biscayne,2023-09-21,14.706666666666667
Biscayne,2023-09-22,14.706666666666667
Biscayne,2023-09-23,14.656666666666666
Biscayne,2023-09-24,14.591111111111111
Biscayne,2023-09-25,14.540000000000001
Biscayne,2023-09-26,14.396666666666667
Biscayne,2023-09-27,14.183333333333334
Biscayne,2023-09-28,13.962222222222223
Biscayne,2023-09-29,13.725555555555555
Biscayne,2023-09-30,13.497777777777777
Biscayne,2023-10-01,13.276666666666667
Biscayne,2023-10-02,13.032222222222222
Biscayne,2023-10-03,12.772222222222222
Biscayne,2023-10-04,12.494444444444445
Biscayne,2023-10-05,12.196666666666667
Biscayne,2023-10-06,11.892222222222221
Biscayne,2023-10-07,11.586666666666666
Biscayne,2023-10-08,11.268888888888888
Biscayne,2023-10-09,10.995555555555557
Biscayne,2023-10-10,10.721111111111112
Biscayne,2023-10-11,10.48
Biscayne,2023-10-12,10.26
Biscayne,2023-10-13,10.02
Biscayne,2023-10-14,9.753333333333334
Biscayne,2023-10-15,9.46
Biscayne,2023-10-16,9.18
Biscayne,2023-10-17,8.89
Biscayne,2023-10-18,8.624444444444444
Biscayne,2023-10-19,8.375555555555556
Biscayne,2023-10-20,8.17888888888889
Biscayne,2023-10-21,8.11111111111111
Biscayne,2023-10-22,8.077777777777778
Biscayne,2023-10-23,7.993333333333333
Biscayne,2023-10-24,7.8
Biscayne,2023-10-25,7.63
Biscayne,2023-10-26,7.424444444444444
Biscayne,2023-10-27,7.220000000000001
Biscayne,2023-10-28,6.98
Biscayne,2023-10-29,6.716666666666667
Biscayne,2023-10-30,6.435555555555556
Biscayne,2023-10-31,6.151111111111111
Biscayne,2023-11-01,5.86
Biscayne,2023-11-02,5.541111111111111
Biscayne,2023-11-03,5.232222222222222
Biscayne,2023-11-04,4.905555555555556
Biscayne,2023-11-05,4.601111111111111
Biscayne,2023-11-06,4.341111111111111
Biscayne,2023-11-07,4.091111111111111
Biscayne,2023-11-08,3.878888888888889
Biscayne,2023-11-09,3.667777777777778
Biscayne,2023-11-10,3.444444444444444
Biscayne,2023-11-11,3.2555555555555555
Biscayne,2023-11-12,3.0722222222222224
Biscayne,2023-11-13,2.8833333333333333
Biscayne,2023-11-14,2.7055555555555557
Biscayne,2023-11-15,2.528888888888889
Biscayne,2023-11-16,2.354444444444445
Biscayne,2023-11-17,2.192222222222222
Biscayne,2023-11-18,2.0544444444444445
Biscayne,2023-11-19,1.8811111111111112
Biscayne,2023-11-20,1.7155555555555555
Biscayne,2023-11-21,1.528888888888889
Biscayne,2023-11-22,1.3888888888888888
Biscayne,2023-11-23,1.3055555555555556
Biscayne,2023-11-24,1.2744444444444445
Biscayne,2023-11-25,1.2744444444444445
Biscayne,2023-11-26,1.2744444444444445
Biscayne,2023-11-27,1.2744444444444445
Biscayne,2023-11-28,1.2744444444444445
Biscayne,2023-11-29,1.2744444444444445
Biscayne,2023-11-30,1.2744444444444445
Biscayne,2023-12-01,1.2744444444444445
Biscayne,2023-12-02,1.2744444444444445
Biscayne,2023-12-03,1.2744444444444445
Biscayne,2023-12-04,1.2744444444444445
Biscayne,2023-12-05,1.1933333333333334
Biscayne,2023-12-06,1.0533333333333335
Biscayne,2023-12-07,0.93
Biscayne,2023-12-08,0.8122222222222223
Biscayne,2023-12-09,0.6866666666666666
Biscayne,2023-12-10,0.5122222222222222
Biscayne,2023-12-11,0.33666666666666667
Biscayne,2023-12-12,0.16333333333333333
Biscayne,2023-12-13,0.046666666666666676
Biscayne,2023-12-14,0
Biscayne,2023-12-15,0
Biscayne,2023-12-16,0
Biscayne,2023-12-17,0
Biscayne,2023-12-18,0
Biscayne,2023-12-19,0
Biscayne,2023-12-20,0
Biscayne,2023-12-21,0
Biscayne,2023-12-22,0
Biscayne,2023-12-23,0
Biscayne,2023-12-24,0
Biscayne,2023-12-25,0
Biscayne,2023-12-26,0
Biscayne,2023-12-27,0
Biscayne,2023-12-28,0
Biscayne,2023-12-29,0
Biscayne,2023-12-30,0
Biscayne,2023-12-31,0
Upper Keys,2023-06-01,0
Upper Keys,2023-06-02,0
Upper Keys,2023-06-03,0
Upper Keys,2023-06-04,0
Upper Keys,2023-06-05,0
Upper Keys,2023-06-06,0
Upper Keys,2023-06-07,0
Upper Keys,2023-06-08,0
Upper Keys,2023-06-09,0
Upper Keys,2023-06-10,0
Upper Keys,2023-06-11,0
Upper Keys,2023-06-12,0
Upper Keys,2023-06-13,0
Upper Keys,2023-06-14,0
Upper Keys,2023-06-15,0
Upper Keys,2023-06-16,0
Upper Keys,2023-06-17,0
Upper Keys,2023-06-18,0
Upper Keys,2023-06-19,0
Upper Keys,2023-06-20,0
Upper Keys,2023-06-21,0
Upper Keys,2023-06-22,0
Upper Keys,2023-06-23,0
Upper Keys,2023-06-24,0
Upper Keys,2023-06-25,0
Upper Keys,2023-06-26,0
Upper Keys,2023-06-27,0
Upper Keys,2023-06-28,0
Upper Keys,2023-06-29,0
Upper Keys,2023-06-30,0
Upper Keys,2023-07-01,0.11714285714285715
Upper Keys,2023-07-02,0.16714285714285715
Upper Keys,2023-07-03,0.33285714285714285
Upper Keys,2023-07-04,0.5178571428571429
Upper Keys,2023-07-05,0.7414285714285714
Upper Keys,2023-07-06,0.9707142857142858
Upper Keys,2023-07-07,1.2128571428571429
Upper Keys,2023-07-08,1.4492857142857143
Upper Keys,2023-07-09,1.707142857142857
Upper Keys,2023-07-10,1.995
Upper Keys,2023-07-11,2.309285714285714
Upper Keys,2023-07-12,2.6292857142857144
Upper Keys,2023-07-13,2.968571428571429
Upper Keys,2023-07-14,3.310714285714286
Upper Keys,2023-07-15,3.6557142857142857
Upper Keys,2023-07-16,3.9842857142857144
Upper Keys,2023-07-17,4.299285714285714
Upper Keys,2023-07-18,4.610714285714286
Upper Keys,2023-07-19,4.897142857142857
Upper Keys,2023-07-20,5.139285714285714
Upper Keys,2023-07-21,5.409285714285715
Upper Keys,2023-07-22,5.702857142857143
Upper Keys,2023-07-23,6.0285714285714285
Upper Keys,2023-07-24,6.332857142857143
Upper Keys,2023-07-25,6.649285714285714
Upper Keys,2023-07-26,6.949285714285715
Upper Keys,2023-07-27,7.225714285714286
Upper Keys,2023-07-28,7.4471428571428575
Upper Keys,2023-07-29,7.6085714285714285
Upper Keys,2023-07-30,7.761428571428572
Upper Keys,2023-07-31,7.916428571428572
Upper Keys,2023-08-01,8.117857142857144
Upper Keys,2023-08-02,8.34
Upper Keys,2023-08-03,8.57
Upper Keys,2023-08-04,8.79857142857143
Upper Keys,2023-08-05,9.07
Upper Keys,2023-08-06,9.362857142857143
Upper Keys,2023-08-07,9.66
Upper Keys,2023-08-08,9.96857142857143
Upper Keys,2023-08-09,10.281428571428572
Upper Keys,2023-08-10,10.612857142857143
Upper Keys,2023-08-11,10.950714285714286
Upper Keys,2023-08-12,11.28357142857143
Upper Keys,2023-08-13,11.609285714285715
Upper Keys,2023-08-14,11.882142857142858
Upper Keys,2023-08-15,12.166428571428572
Upper Keys,2023-08-16,12.404285714285715
Upper Keys,2023-08-17,12.642857142857142
Upper Keys,2023-08-18,12.882857142857143
Upper Keys,2023-08-19,13.112857142857143
Upper Keys,2023-08-20,13.322142857142858
Upper Keys,2023-08-21,13.535714285714286
Upper Keys,2023-08-22,13.73857142857143
Upper Keys,2023-08-23,13.926428571428572
Upper Keys,2023-08-24,14.11357142857143
Upper Keys,2023-08-25,14.298571428571428
Upper Keys,2023-08-26,14.469285714285714
Upper Keys,2023-08-27,14.64857142857143
Upper Keys,2023-08-28,14.82857142857143
Upper Keys,2023-08-29,15.007142857142858
Upper Keys,2023-08-30,15.007142857142858
Upper Keys,2023-08-31,15.095
Upper Keys,2023-09-01,15.187142857142858
Upper Keys,2023-09-02,15.280000000000001
Upper Keys,2023-09-03,15.280000000000001
Upper Keys,2023-09-04,15.280000000000001
Upper Keys,2023-09-05,15.280000000000001
Upper Keys,2023-09-06,15.280000000000001
Upper Keys,2023-09-07,15.280000000000001
Upper Keys,2023-09-08,15.280000000000001
Upper Keys,2023-09-09,15.280000000000001
Upper Keys,2023-09-10,15.280000000000001
Upper Keys,2023-09-11,15.280000000000001
Upper Keys,2023-09-12,15.438571428571429
Upper Keys,2023-09-13,15.61
Upper Keys,2023-09-14,15.780714285714286
Upper Keys,2023-09-15,15.92
Upper Keys,2023-09-16,16.095
Upper Keys,2023-09-17,16.287142857142857
Upper Keys,2023-09-18,16.495
Upper Keys,2023-09-19,16.696428571428573
Upper Keys,2023-09-20,16.86857142857143
Upper Keys,2023-09-21,17.022142857142857
Upper Keys,2023-09-22,17.022142857142857
Upper Keys,2023-09-23,16.90357142857143
Upper Keys,2023-09-24,16.85
Upper Keys,2023-09-25,16.689285714285713
Upper Keys,2023-09-26,16.500714285714285
Upper Keys,2023-09-27,16.277142857142856
Upper Keys,2023-09-28,16.049285714285716
Upper Keys,2023-09-29,15.805714285714286
Upper Keys,2023-09-30,15.569285714285714
Upper Keys,2023-10-01,15.314285714285715
Upper Keys,2023-10-02,15.025
Upper Keys,2023-10-03,14.712142857142858
Upper Keys,2023-10-04,14.38857142857143
Upper Keys,2023-10-05,14.050714285714285
Upper Keys,2023-10-06,13.707857142857144
Upper Keys,2023-10-07,13.365
Upper Keys,2023-10-08,13.035
Upper Keys,2023-10-09,12.722142857142858
Upper Keys,2023-10-10,12.406428571428572
Upper Keys,2023-10-11,12.122142857142858
Upper Keys,2023-10-12,11.882142857142856
Upper Keys,2023-10-13,11.61
Upper Keys,2023-10-14,11.316428571428572
Upper Keys,2023-10-15,10.991428571428571
Upper Keys,2023-10-16,10.685
Upper Keys,2023-10-17,10.370000000000001
Upper Keys,2023-10-18,10.07
Upper Keys,2023-10-19,9.793571428571429
Upper Keys,2023-10-20,9.57
Upper Keys,2023-10-21,9.412857142857142
Upper Keys,2023-10-22,9.259285714285715
Upper Keys,2023-10-23,9.105
Upper Keys,2023-10-24,8.9
Upper Keys,2023-10-25,8.682142857142857
Upper Keys,2023-10-26,8.45
Upper Keys,2023-10-27,8.217857142857143
Upper Keys,2023-10-28,7.947857142857143
Upper Keys,2023-10-29,7.654285714285715
Upper Keys,2023-10-30,7.362857142857143
Upper Keys,2023-10-31,7.052142857142857
Upper Keys,2023-11-01,6.740714285714286
Upper Keys,2023-11-02,6.405714285714286
Upper Keys,2023-11-03,6.067142857142858
Upper Keys,2023-11-04,5.7371428571428575
Upper Keys,2023-11-05,5.412857142857143
Upper Keys,2023-11-06,5.138571428571429
Upper Keys,2023-11-07,4.854285714285714
Upper Keys,2023-11-08,4.615
Upper Keys,2023-11-09,4.377142857142857
Upper Keys,2023-11-10,4.133571428571429
Upper Keys,2023-11-11,3.9050000000000002
Upper Keys,2023-11-12,3.697142857142857
Upper Keys,2023-11-13,3.4835714285714285
Upper Keys,2023-11-14,3.2807142857142857
Upper Keys,2023-11-15,3.0942857142857143
Upper Keys,2023-11-16,2.9050000000000002
Upper Keys,2023-11-17,2.7214285714285715
Upper Keys,2023-11-18,2.55
Upper Keys,2023-11-19,2.37
Upper Keys,2023-11-20,2.1871428571428573
Upper Keys,2023-11-21,2.0114285714285716
Upper Keys,2023-11-22,2.0114285714285716
Upper Keys,2023-11-23,1.9257142857142857
Upper Keys,2023-11-24,1.832857142857143
Upper Keys,2023-11-25,1.737857142857143
Upper Keys,2023-11-26,1.737857142857143
Upper Keys,2023-11-27,1.737857142857143
Upper Keys,2023-11-28,1.737857142857143
Upper Keys,2023-11-29,1.737857142857143
Upper Keys,2023-11-30,1.737857142857143
Upper Keys,2023-12-01,1.737857142857143
Upper Keys,2023-12-02,1.737857142857143
Upper Keys,2023-12-03,1.737857142857143
Upper Keys,2023-12-04,1.737857142857143
Upper Keys,2023-12-05,1.5807142857142857
Upper Keys,2023-12-06,1.4085714285714286
Upper Keys,2023-12-07,1.2364285714285714
Upper Keys,2023-12-08,1.0978571428571429
Upper Keys,2023-12-09,0.9242857142857143
Upper Keys,2023-12-10,0.7328571428571429
Upper Keys,2023-12-11,0.5221428571428571
Upper Keys,2023-12-12,0.32071428571428573
Upper Keys,2023-12-13,0.15071428571428572
Upper Keys,2023-12-14,0
Upper Keys,2023-12-15,0
Upper Keys,2023-12-16,0
Upper Keys,2023-12-17,0
Upper Keys,2023-12-18,0
Upper Keys,2023-12-19,0
Upper Keys,2023-12-20,0
Upper Keys,2023-12-21,0
Upper Keys,2023-12-22,0
Upper Keys,2023-12-23,0
Upper Keys,2023-12-24,0
Upper Keys,2023-12-25,0
Upper Keys,2023-12-26,0
Upper Keys,2023-12-27,0
Upper Keys,2023-12-28,0
Upper Keys,2023-12-29,0
Upper Keys,2023-12-30,0
Upper Keys,2023-12-31,0
Middle Keys,2023-06-01,0
Middle Keys,2023-06-02,0
Middle Keys,2023-06-03,0
Middle Keys,2023-06-04,0
Middle Keys,2023-06-05,0
Middle Keys,2023-06-06,0
Middle Keys,2023-06-07,0
Middle Keys,2023-06-08,0
Middle Keys,2023-06-09,0
Middle Keys,2023-06-10,0
Middle Keys,2023-06-11,0
Middle Keys,2023-06-12,0
Middle Keys,2023-06-13,0
Middle Keys,2023-06-14,0
Middle Keys,2023-06-15,0.046666666666666676
Middle Keys,2023-06-16,0.155
Middle Keys,2023-06-17,0.2366666666666667
Middle Keys,2023-06-18,0.2866666666666667
Middle Keys,2023-06-19,0.2866666666666667
Middle Keys,2023-06-20,0.2866666666666667
Middle Keys,2023-06-21,0.33666666666666667
Middle Keys,2023-06-22,0.41333333333333333
Middle Keys,2023-06-23,0.41333333333333333
Middle Keys,2023-06-24,0.48833333333333334
Middle Keys,2023-06-25,0.5133333333333334
Middle Keys,2023-06-26,0.5133333333333334
Middle Keys,2023-06-27,0.5133333333333334
Middle Keys,2023-06-28,0.5383333333333333
Middle Keys,2023-06-29,0.6799999999999999
Middle Keys,2023-06-30,0.8566666666666666
Middle Keys,2023-07-01,1.06
Middle Keys,2023-07-02,1.2433333333333334
Middle Keys,2023-07-03,1.47
Middle Keys,2023-07-04,1.7316666666666667
Middle Keys,2023-07-05,2.0233333333333334
Middle Keys,2023-07-06,2.3016666666666667
Middle Keys,2023-07-07,2.5933333333333333
Middle Keys,2023-07-08,2.885
Middle Keys,2023-07-09,3.2
Middle Keys,2023-07-10,3.5316666666666667
Middle Keys,2023-07-11,3.91
Middle Keys,2023-07-12,4.303333333333334
Middle Keys,2023-07-13,4.701666666666667
Middle Keys,2023-07-14,5.105
Middle Keys,2023-07-15,5.511666666666667
Middle Keys,2023-07-16,5.898333333333333
Middle Keys,2023-07-17,6.273333333333333
Middle Keys,2023-07-18,6.645
Middle Keys,2023-07-19,7.003333333333334
Middle Keys,2023-07-20,7.301666666666667
Middle Keys,2023-07-21,7.616666666666667
Middle Keys,2023-07-22,7.95
Middle Keys,2023-07-23,8.298333333333334
Middle Keys,2023-07-24,8.6466666666666665
Middle Keys,2023-07-25,9.02
Middle Keys,2023-07-26,9.361666666666666
Middle Keys,2023-07-27,9.68
Middle Keys,2023-07-28,9.918333333333333
Middle Keys,2023-07-29,10.096666666666668
Middle Keys,2023-07-30,10.24
Middle Keys,2023-07-31,10.421666666666667
Middle Keys,2023-08-01,10.651666666666667
Middle Keys,2023-08-02,10.913333333333334
Middle Keys,2023-08-03,11.188333333333333
Middle Keys,2023-08-04,11.451666666666668
Middle Keys,2023-08-05,11.746666666666666
Middle Keys,2023-08-06,12.066666666666666
Middle Keys,2023-08-07,12.398333333333333
Middle Keys,2023-08-08,12.751666666666667
Middle Keys,2023-08-09,13.100000000000001
Middle Keys,2023-08-10,13.465
Middle Keys,2023-08-11,13.866666666666667
Middle Keys,2023-08-12,14.256666666666668
Middle Keys,2023-08-13,14.633333333333333
Middle Keys,2023-08-14,14.953333333333333
Middle Keys,2023-08-15,15.27
Middle Keys,2023-08-16,15.523333333333333
Middle Keys,2023-08-17,15.771666666666668
Middle Keys,2023-08-18,16.02
Middle Keys,2023-08-19,16.27
Middle Keys,2023-08-20,16.488333333333333
Middle Keys,2023-08-21,16.675
Middle Keys,2023-08-22,16.85666666666667
Middle Keys,2023-08-23,16.990000000000002
Middle Keys,2023-08-24,17.123333333333335
Middle Keys,2023-08-25,17.261666666666667
Middle Keys,2023-08-26,17.376666666666665
Middle Keys,2023-08-27,17.545
Middle Keys,2023-08-28,17.71666666666667
Middle Keys,2023-08-29,17.895
Middle Keys,2023-08-30,17.895
Middle Keys,2023-08-31,17.895
Middle Keys,2023-09-01,17.895
Middle Keys,2023-09-02,18.001666666666665
Middle Keys,2023-09-03,18.001666666666665
Middle Keys,2023-09-04,18.001666666666665
Middle Keys,2023-09-05,18.001666666666665
Middle Keys,2023-09-06,18.001666666666665
Middle Keys,2023-09-07,17.953333333333333
Middle Keys,2023-09-08,17.845
Middle Keys,2023-09-09,17.765
Middle Keys,2023-09-10,17.713333333333335
Middle Keys,2023-09-11,17.866666666666667
Middle Keys,2023-09-12,18.053333333333335
Middle Keys,2023-09-13,18.206666666666667
Middle Keys,2023-09-14,18.34166666666667
Middle Keys,2023-09-15,18.55666666666667
Middle Keys,2023-09-16,18.7
Middle Keys,2023-09-17,18.91
Middle Keys,2023-09-18,19.16
Middle Keys,2023-09-19,19.403333333333332
Middle Keys,2023-09-20,19.608333333333334
Middle Keys,2023-09-21,19.641666666666666
Middle Keys,2023-09-22,19.601666666666667
Middle Keys,2023-09-23,19.558333333333334
Middle Keys,2023-09-24,19.403333333333332
Middle Keys,2023-09-25,19.173333333333332
Middle Keys,2023-09-26,18.91166666666667
Middle Keys,2023-09-27,18.621666666666666
Middle Keys,2023-09-28,18.34166666666667
Middle Keys,2023-09-29,18.051666666666666
Middle Keys,2023-09-30,17.761666666666667
Middle Keys,2023-10-01,17.445
Middle Keys,2023-10-02,17.108333333333334
Middle Keys,2023-10-03,16.733333333333334
Middle Keys,2023-10-04,16.34166666666667
Middle Keys,2023-10-05,15.941666666666666
Middle Keys,2023-10-06,15.538333333333334
Middle Keys,2023-10-07,15.135
Middle Keys,2023-10-08,14.745000000000001
Middle Keys,2023-10-09,14.373333333333333
Middle Keys,2023-10-10,14
Middle Keys,2023-10-11,13.64
Middle Keys,2023-10-12,13.341666666666667
Middle Keys,2023-10-13,13.026666666666667
Middle Keys,2023-10-14,12.693333333333333
Middle Keys,2023-10-15,12.343333333333334
Middle Keys,2023-10-16,11.996666666666668
Middle Keys,2023-10-17,11.623333333333333
Middle Keys,2023-10-18,11.28
Middle Keys,2023-10-19,10.965
Middle Keys,2023-10-20,10.725
Middle Keys,2023-10-21,10.548333333333334
Middle Keys,2023-10-22,10.403333333333334
Middle Keys,2023-10-23,10.223333333333333
Middle Keys,2023-10-24,9.99
Middle Keys,2023-10-25,9.731666666666667
Middle Keys,2023-10-26,9.45
Middle Keys,2023-10-27,9.193333333333333
Middle Keys,2023-10-28,8.898333333333333
Middle Keys,2023-10-29,8.578333333333333
Middle Keys,2023-10-30,8.241666666666667
Middle Keys,2023-10-31,7.890000000000001
Middle Keys,2023-11-01,7.543333333333333
Middle Keys,2023-11-02,7.175
Middle Keys,2023-11-03,6.775
Middle Keys,2023-11-04,6.386666666666667
Middle Keys,2023-11-05,6.008333333333334
Middle Keys,2023-11-06,5.69
Middle Keys,2023-11-07,5.373333333333333
Middle Keys,2023-11-08,5.123333333333333
Middle Keys,2023-11-09,4.87
Middle Keys,2023-11-10,4.625
Middle Keys,2023-11-11,4.371666666666667
Middle Keys,2023-11-12,4.155
Middle Keys,2023-11-13,3.9683333333333333
Middle Keys,2023-11-14,3.7866666666666666
Middle Keys,2023-11-15,3.6483333333333334
Middle Keys,2023-11-16,3.5183333333333335
Middle Keys,2023-11-17,3.38
Middle Keys,2023-11-18,3.2633333333333336
Middle Keys,2023-11-19,3.0966666666666667
Middle Keys,2023-11-20,2.925
Middle Keys,2023-11-21,2.75
Middle Keys,2023-11-22,2.75
Middle Keys,2023-11-23,2.75
Middle Keys,2023-11-24,2.75
Middle Keys,2023-11-25,2.645
Middle Keys,2023-11-26,2.645
Middle Keys,2023-11-27,2.645
Middle Keys,2023-11-28,2.645
Middle Keys,2023-11-29,2.645
Middle Keys,2023-11-30,2.645
Middle Keys,2023-12-01,2.645
Middle Keys,2023-12-02,2.645
Middle Keys,2023-12-03,2.645
Middle Keys,2023-12-04,2.486666666666667
Middle Keys,2023-12-05,2.3033333333333332
Middle Keys,2023-12-06,2.0966666666666667
Middle Keys,2023-12-07,1.8883333333333334
Middle Keys,2023-12-08,1.6733333333333333
Middle Keys,2023-12-09,1.455
Middle Keys,2023-12-10,1.2233333333333334
Middle Keys,2023-12-11,0.97
Middle Keys,2023-12-12,0.7266666666666667
Middle Keys,2023-12-13,0.49833333333333335
Middle Keys,2023-12-14,0.31833333333333336
Middle Keys,2023-12-15,0.18666666666666668
Middle Keys,2023-12-16,0.023333333333333334
Middle Keys,2023-12-17,0
Middle Keys,2023-12-18,0
Middle Keys,2023-12-19,0
Middle Keys,2023-12-20,0
Middle Keys,2023-12-21,0
Middle Keys,2023-12-22,0
Middle Keys,2023-12-23,0
Middle Keys,2023-12-24,0
Middle Keys,2023-12-25,0
Middle Keys,2023-12-26,0
Middle Keys,2023-12-27,0
Middle Keys,2023-12-28,0
Middle Keys,2023-12-29,0
Middle Keys,2023-12-30,0
Middle Keys,2023-12-31,0
Lower Keys,2023-06-01,0
Lower Keys,2023-06-02,0
Lower Keys,2023-06-03,0
Lower Keys,2023-06-04,0
Lower Keys,2023-06-05,0
Lower Keys,2023-06-06,0
Lower Keys,2023-06-07,0
Lower Keys,2023-06-08,0
Lower Keys,2023-06-09,0
Lower Keys,2023-06-10,0
Lower Keys,2023-06-11,0
Lower Keys,2023-06-12,0
Lower Keys,2023-06-13,0
Lower Keys,2023-06-14,0
Lower Keys,2023-06-15,0.09695652173913044
Lower Keys,2023-06-16,0.19826086956521738
Lower Keys,2023-06-17,0.31217391304347825
Lower Keys,2023-06-18,0.4347826086956522
Lower Keys,2023-06-19,0.5065217391304347
Lower Keys,2023-06-20,0.6286956521739131
Lower Keys,2023-06-21,0.7495652173913043
Lower Keys,2023-06-22,0.8895652173913043
Lower Keys,2023-06-23,1.0139130434782608
Lower Keys,2023-06-24,1.1378260869565218
Lower Keys,2023-06-25,1.261304347826087
Lower Keys,2023-06-26,1.3734782608695653
Lower Keys,2023-06-27,1.3986956521739131
Lower Keys,2023-06-28,1.5121739130434784
Lower Keys,2023-06-29,1.6443478260869566
Lower Keys,2023-06-30,1.807391304347826
Lower Keys,2023-07-01,1.9682608695652175
Lower Keys,2023-07-02,2.16
Lower Keys,2023-07-03,2.373913043478261
Lower Keys,2023-07-04,2.6243478260869564
Lower Keys,2023-07-05,2.871739130434783
Lower Keys,2023-07-06,3.099565217391304
Lower Keys,2023-07-07,3.3504347826086955
Lower Keys,2023-07-08,3.577391304347826
Lower Keys,2023-07-09,3.8404347826086958
Lower Keys,2023-07-10,4.124782608695652
Lower Keys,2023-07-11,4.4339130434782605
Lower Keys,2023-07-12,4.767826086956521
Lower Keys,2023-07-13,5.104347826086957
Lower Keys,2023-07-14,5.448695652173913
Lower Keys,2023-07-15,5.804782608695652
Lower Keys,2023-07-16,6.1573913043478266
Lower Keys,2023-07-17,6.517391304347826
Lower Keys,2023-07-18,6.875652173913044
Lower Keys,2023-07-19,7.241739130434783
Lower Keys,2023-07-20,7.564347826086957
Lower Keys,2023-07-21,7.889130434782609
Lower Keys,2023-07-22,8.221739130434782
Lower Keys,2023-07-23,8.568260869565218
Lower Keys,2023-07-24,8.902608695652175
Lower Keys,2023-07-25,9.25695652173913
Lower Keys,2023-07-26,9.565217391304348
Lower Keys,2023-07-27,9.843913043478262
Lower Keys,2023-07-28,10.01695652173913
Lower Keys,2023-07-29,10.210434782608695
Lower Keys,2023-07-30,10.423478260869565
Lower Keys,2023-07-31,10.644782608695653
Lower Keys,2023-08-01,10.883478260869566
Lower Keys,2023-08-02,11.134347826086957
Lower Keys,2023-08-03,11.412608695652175
Lower Keys,2023-08-04,11.675217391304349
Lower Keys,2023-08-05,11.951304347826087
Lower Keys,2023-08-06,12.249130434782609
Lower Keys,2023-08-07,12.55913043478261
Lower Keys,2023-08-08,12.863913043478261
Lower Keys,2023-08-09,13.179565217391305
Lower Keys,2023-08-10,13.52304347826087
Lower Keys,2023-08-11,13.89304347826087
Lower Keys,2023-08-12,14.264782608695652
Lower Keys,2023-08-13,14.60695652173913
Lower Keys,2023-08-14,14.962608695652174
Lower Keys,2023-08-15,15.298695652173913
Lower Keys,2023-08-16,15.592173913043478
Lower Keys,2023-08-17,15.875217391304348
Lower Keys,2023-08-18,16.164347826086956
Lower Keys,2023-08-19,16.446521739130436
Lower Keys,2023-08-20,16.699565217391307
Lower Keys,2023-08-21,16.900000000000002
Lower Keys,2023-08-22,17.110869565217392
Lower Keys,2023-08-23,17.284782608695654
Lower Keys,2023-08-24,17.450869565217392
Lower Keys,2023-08-25,17.63173913043478
Lower Keys,2023-08-26,17.78391304347826
Lower Keys,2023-08-27,17.958695652173915
Lower Keys,2023-08-28,18.15304347826087
Lower Keys,2023-08-29,18.33086956521739
Lower Keys,2023-08-30,18.393478260869564
Lower Keys,2023-08-31,18.393478260869564
Lower Keys,2023-09-01,18.393478260869564
Lower Keys,2023-09-02,18.49304347826087
Lower Keys,2023-09-03,18.49304347826087
Lower Keys,2023-09-04,18.49304347826087
Lower Keys,2023-09-05,18.49304347826087
Lower Keys,2023-09-06,18.49304347826087
Lower Keys,2023-09-07,18.394347826086957
Lower Keys,2023-09-08,18.29608695652174
Lower Keys,2023-09-09,18.18
Lower Keys,2023-09-10,18.05913043478261
Lower Keys,2023-09-11,18.14695652173913
Lower Keys,2023-09-12,18.196521739130436
Lower Keys,2023-09-13,18.251739130434782
Lower Keys,2023-09-14,18.310000000000002
Lower Keys,2023-09-15,18.374782608695654
Lower Keys,2023-09-16,18.45608695652174
Lower Keys,2023-09-17,18.549130434782608
Lower Keys,2023-09-18,18.659130434782607
Lower Keys,2023-09-19,18.86304347826087
Lower Keys,2023-09-20,18.981739130434782
Lower Keys,2023-09-21,19.039565217391306
Lower Keys,2023-09-22,19.05608695652174
Lower Keys,2023-09-23,19.060434782608695
Lower Keys,2023-09-24,19.01217391304348
Lower Keys,2023-09-25,18.799130434782608
Lower Keys,2023-09-26,18.62
Lower Keys,2023-09-27,18.37217391304348
Lower Keys,2023-09-28,18.14304347826087
Lower Keys,2023-09-29,17.890869565217393
Lower Keys,2023-09-30,17.663478260869564
Lower Keys,2023-10-01,17.40217391304348
Lower Keys,2023-10-02,17.11913043478261
Lower Keys,2023-10-03,16.810434782608695
Lower Keys,2023-10-04,16.474347826086955
Lower Keys,2023-10-05,16.14
Lower Keys,2023-10-06,15.793478260869566
Lower Keys,2023-10-07,15.437391304347827
Lower Keys,2023-10-08,15.08695652173913
Lower Keys,2023-10-09,14.726521739130435
Lower Keys,2023-10-10,14.369565217391305
Lower Keys,2023-10-11,14.001304347826087
Lower Keys,2023-10-12,13.679565217391305
Lower Keys,2023-10-13,13.354782608695652
Lower Keys,2023-10-14,13.023913043478261
Lower Keys,2023-10-15,12.673913043478262
Lower Keys,2023-10-16,12.341739130434783
Lower Keys,2023-10-17,11.985652173913044
Lower Keys,2023-10-18,11.677391304347827
Lower Keys,2023-10-19,11.398695652173913
Lower Keys,2023-10-20,11.226086956521739
Lower Keys,2023-10-21,11.033478260869565
Lower Keys,2023-10-22,10.819565217391304
Lower Keys,2023-10-23,10.598260869565218
Lower Keys,2023-10-24,10.361739130434783
Lower Keys,2023-10-25,10.107826086956521
Lower Keys,2023-10-26,9.830869565217391
Lower Keys,2023-10-27,9.568260869565218
Lower Keys,2023-10-28,9.292608695652174
Lower Keys,2023-10-29,8.99304347826087
Lower Keys,2023-10-30,8.684782608695652
Lower Keys,2023-10-31,8.378260869565217
Lower Keys,2023-11-01,8.06304347826087
Lower Keys,2023-11-02,7.72
Lower Keys,2023-11-03,7.3500000000000005
Lower Keys,2023-11-04,6.977826086956522
Lower Keys,2023-11-05,6.6347826086956525
Lower Keys,2023-11-06,6.2813043478260875
Lower Keys,2023-11-07,5.943478260869566
Lower Keys,2023-11-08,5.650434782608696
Lower Keys,2023-11-09,5.367826086956522
Lower Keys,2023-11-10,5.07695652173913
Lower Keys,2023-11-11,4.7956521739130435
Lower Keys,2023-11-12,4.545217391304348
Lower Keys,2023-11-13,4.342608695652174
Lower Keys,2023-11-14,4.132173913043478
Lower Keys,2023-11-15,3.9595652173913045
Lower Keys,2023-11-16,3.79
Lower Keys,2023-11-17,3.612608695652174
Lower Keys,2023-11-18,3.4591304347826086
Lower Keys,2023-11-19,3.2843478260869565
Lower Keys,2023-11-20,3.0904347826086958
Lower Keys,2023-11-21,2.913913043478261
Lower Keys,2023-11-22,2.849565217391304
Lower Keys,2023-11-23,2.849565217391304
Lower Keys,2023-11-24,2.849565217391304
Lower Keys,2023-11-25,2.7508695652173913
Lower Keys,2023-11-26,2.7508695652173913
Lower Keys,2023-11-27,2.7508695652173913
Lower Keys,2023-11-28,2.7508695652173913
Lower Keys,2023-11-29,2.7508695652173913
Lower Keys,2023-11-30,2.7508695652173913
Lower Keys,2023-12-01,2.7508695652173913
Lower Keys,2023-12-02,2.7508695652173913
Lower Keys,2023-12-03,2.7508695652173913
Lower Keys,2023-12-04,2.5873913043478263
Lower Keys,2023-12-05,2.42
Lower Keys,2023-12-06,2.243913043478261
Lower Keys,2023-12-07,2.046521739130435
Lower Keys,2023-12-08,1.853913043478261
Lower Keys,2023-12-09,1.6482608695652174
Lower Keys,2023-12-10,1.432608695652174
Lower Keys,2023-12-11,1.2095652173913045
Lower Keys,2023-12-12,0.9804347826086957
Lower Keys,2023-12-13,0.7491304347826088
Lower Keys,2023-12-14,0.5582608695652174
Lower Keys,2023-12-15,0.37956521739130433
Lower Keys,2023-12-16,0.21434782608695652
Lower Keys,2023-12-17,0.06826086956521739
Lower Keys,2023-12-18,0.06826086956521739
Lower Keys,2023-12-19,0
Lower Keys,2023-12-20,0
Lower Keys,2023-12-21,0
Lower Keys,2023-12-22,0
Lower Keys,2023-12-23,0
Lower Keys,2023-12-24,0
Lower Keys,2023-12-25,0
Lower Keys,2023-12-26,0
Lower Keys,2023-12-27,0
Lower Keys,2023-12-28,0
Lower Keys,2023-12-29,0
Lower Keys,2023-12-30,0
Lower Keys,2023-12-31,0
Tortugas--Dry Tortugas NP,2023-06-01,0
Tortugas--Dry Tortugas NP,2023-06-02,0
Tortugas--Dry Tortugas NP,2023-06-03,0
Tortugas--Dry Tortugas NP,2023-06-04,0
Tortugas--Dry Tortugas NP,2023-06-05,0
Tortugas--Dry Tortugas NP,2023-06-06,0
Tortugas--Dry Tortugas NP,2023-06-07,0
Tortugas--Dry Tortugas NP,2023-06-08,0
Tortugas--Dry Tortugas NP,2023-06-09,0
Tortugas--Dry Tortugas NP,2023-06-10,0
Tortugas--Dry Tortugas NP,2023-06-11,0
Tortugas--Dry Tortugas NP,2023-06-12,0
Tortugas--Dry Tortugas NP,2023-06-13,0
Tortugas--Dry Tortugas NP,2023-06-14,0
Tortugas--Dry Tortugas NP,2023-06-15,0
Tortugas--Dry Tortugas NP,2023-06-16,0
Tortugas--Dry Tortugas NP,2023-06-17,0
Tortugas--Dry Tortugas NP,2023-06-18,0
Tortugas--Dry Tortugas NP,2023-06-19,0
Tortugas--Dry Tortugas NP,2023-06-20,0
Tortugas--Dry Tortugas NP,2023-06-21,0
Tortugas--Dry Tortugas NP,2023-06-22,0
Tortugas--Dry Tortugas NP,2023-06-23,0
Tortugas--Dry Tortugas NP,2023-06-24,0
Tortugas--Dry Tortugas NP,2023-06-25,0
Tortugas--Dry Tortugas NP,2023-06-26,0
Tortugas--Dry Tortugas NP,2023-06-27,0
Tortugas--Dry Tortugas NP,2023-06-28,0
Tortugas--Dry Tortugas NP,2023-06-29,0
Tortugas--Dry Tortugas NP,2023-06-30,0
Tortugas--Dry Tortugas NP,2023-07-01,0
Tortugas--Dry Tortugas NP,2023-07-02,0
Tortugas--Dry Tortugas NP,2023-07-03,0
Tortugas--Dry Tortugas NP,2023-07-04,0.10400000000000001
Tortugas--Dry Tortugas NP,2023-07-05,0.202
Tortugas--Dry Tortugas NP,2023-07-06,0.304
Tortugas--Dry Tortugas NP,2023-07-07,0.47400000000000003
Tortugas--Dry Tortugas NP,2023-07-08,0.5640000000000001
Tortugas--Dry Tortugas NP,2023-07-09,0.73
Tortugas--Dry Tortugas NP,2023-07-10,0.898
Tortugas--Dry Tortugas NP,2023-07-11,1.09
Tortugas--Dry Tortugas NP,2023-07-12,1.312
Tortugas--Dry Tortugas NP,2023-07-13,1.544
Tortugas--Dry Tortugas NP,2023-07-14,1.778
Tortugas--Dry Tortugas NP,2023-07-15,2.028
Tortugas--Dry Tortugas NP,2023-07-16,2.28
Tortugas--Dry Tortugas NP,2023-07-17,2.5
Tortugas--Dry Tortugas NP,2023-07-18,2.736
Tortugas--Dry Tortugas NP,2023-07-19,2.97
Tortugas--Dry Tortugas NP,2023-07-20,3.192
Tortugas--Dry Tortugas NP,2023-07-21,3.4
Tortugas--Dry Tortugas NP,2023-07-22,3.648
Tortugas--Dry Tortugas NP,2023-07-23,3.87
Tortugas--Dry Tortugas NP,2023-07-24,4.112
Tortugas--Dry Tortugas NP,2023-07-25,4.376
Tortugas--Dry Tortugas NP,2023-07-26,4.61
Tortugas--Dry Tortugas NP,2023-07-27,4.8340000000000005
Tortugas--Dry Tortugas NP,2023-07-28,5.048
Tortugas--Dry Tortugas NP,2023-07-29,5.264
Tortugas--Dry Tortugas NP,2023-07-30,5.458
Tortugas--Dry Tortugas NP,2023-07-31,5.686
Tortugas--Dry Tortugas NP,2023-08-01,5.91
Tortugas--Dry Tortugas NP,2023-08-02,6.142
Tortugas--Dry Tortugas NP,2023-08-03,6.384
Tortugas--Dry Tortugas NP,2023-08-04,6.6080000000000005
Tortugas--Dry Tortugas NP,2023-08-05,6.854
Tortugas--Dry Tortugas NP,2023-08-06,7.144
Tortugas--Dry Tortugas NP,2023-08-07,7.436
Tortugas--Dry Tortugas NP,2023-08-08,7.742
Tortugas--Dry Tortugas NP,2023-08-09,8.01
Tortugas--Dry Tortugas NP,2023-08-10,8.33
Tortugas--Dry Tortugas NP,2023-08-11,8.662
Tortugas--Dry Tortugas NP,2023-08-12,8.954
Tortugas--Dry Tortugas NP,2023-08-13,9.266
Tortugas--Dry Tortugas NP,2023-08-14,9.57
Tortugas--Dry Tortugas NP,2023-08-15,9.872
Tortugas--Dry Tortugas NP,2023-08-16,10.15
Tortugas--Dry Tortugas NP,2023-08-17,10.416
Tortugas--Dry Tortugas NP,2023-08-18,10.692
Tortugas--Dry Tortugas NP,2023-08-19,10.974
Tortugas--Dry Tortugas NP,2023-08-20,11.248
Tortugas--Dry Tortugas NP,2023-08-21,11.47
Tortugas--Dry Tortugas NP,2023-08-22,11.69
Tortugas--Dry Tortugas NP,2023-08-23,11.864
Tortugas--Dry Tortugas NP,2023-08-24,12.028
Tortugas--Dry Tortugas NP,2023-08-25,12.206000000000001
Tortugas--Dry Tortugas NP,2023-08-26,12.376000000000001
Tortugas--Dry Tortugas NP,2023-08-27,12.558
Tortugas--Dry Tortugas NP,2023-08-28,12.75
Tortugas--Dry Tortugas NP,2023-08-29,12.904
Tortugas--Dry Tortugas NP,2023-08-30,13.054
Tortugas--Dry Tortugas NP,2023-08-31,13.054
Tortugas--Dry Tortugas NP,2023-09-01,13.054
Tortugas--Dry Tortugas NP,2023-09-02,13.054
Tortugas--Dry Tortugas NP,2023-09-03,13.054
Tortugas--Dry Tortugas NP,2023-09-04,13.054
Tortugas--Dry Tortugas NP,2023-09-05,13.054
Tortugas--Dry Tortugas NP,2023-09-06,13.054
Tortugas--Dry Tortugas NP,2023-09-07,13.054
Tortugas--Dry Tortugas NP,2023-09-08,13.054
Tortugas--Dry Tortugas NP,2023-09-09,13.054
Tortugas--Dry Tortugas NP,2023-09-10,13.054
Tortugas--Dry Tortugas NP,2023-09-11,13.168
Tortugas--Dry Tortugas NP,2023-09-12,13.258
Tortugas--Dry Tortugas NP,2023-09-13,13.406
Tortugas--Dry Tortugas NP,2023-09-14,13.494
Tortugas--Dry Tortugas NP,2023-09-15,13.618
Tortugas--Dry Tortugas NP,2023-09-16,13.782
Tortugas--Dry Tortugas NP,2023-09-17,13.958
Tortugas--Dry Tortugas NP,2023-09-18,14.136000000000001
Tortugas--Dry Tortugas NP,2023-09-19,14.328
Tortugas--Dry Tortugas NP,2023-09-20,14.512
Tortugas--Dry Tortugas NP,2023-09-21,14.684000000000001
Tortugas--Dry Tortugas NP,2023-09-22,14.834
Tortugas--Dry Tortugas NP,2023-09-23,14.991999999999999
Tortugas--Dry Tortugas NP,2023-09-24,14.991999999999999
Tortugas--Dry Tortugas NP,2023-09-25,14.991999999999999
Tortugas--Dry Tortugas NP,2023-09-26,14.886
Tortugas--Dry Tortugas NP,2023-09-27,14.79
Tortugas--Dry Tortugas NP,2023-09-28,14.688
Tortugas--Dry Tortugas NP,2023-09-29,14.516
Tortugas--Dry Tortugas NP,2023-09-30,14.428
Tortugas--Dry Tortugas NP,2023-10-01,14.264000000000001
Tortugas--Dry Tortugas NP,2023-10-02,14.096
Tortugas--Dry Tortugas NP,2023-10-03,13.898
Tortugas--Dry Tortugas NP,2023-10-04,13.682
Tortugas--Dry Tortugas NP,2023-10-05,13.448
Tortugas--Dry Tortugas NP,2023-10-06,13.214
Tortugas--Dry Tortugas NP,2023-10-07,12.962
Tortugas--Dry Tortugas NP,2023-10-08,12.712
Tortugas--Dry Tortugas NP,2023-10-09,12.49
Tortugas--Dry Tortugas NP,2023-10-10,12.258000000000001
Tortugas--Dry Tortugas NP,2023-10-11,12.024000000000001
Tortugas--Dry Tortugas NP,2023-10-12,11.802
Tortugas--Dry Tortugas NP,2023-10-13,11.594
Tortugas--Dry Tortugas NP,2023-10-14,11.342
Tortugas--Dry Tortugas NP,2023-10-15,11.122
Tortugas--Dry Tortugas NP,2023-10-16,10.88
Tortugas--Dry Tortugas NP,2023-10-17,10.614
Tortugas--Dry Tortugas NP,2023-10-18,10.382
Tortugas--Dry Tortugas NP,2023-10-19,10.162
Tortugas--Dry Tortugas NP,2023-10-20,9.946
Tortugas--Dry Tortugas NP,2023-10-21,9.728
Tortugas--Dry Tortugas NP,2023-10-22,9.534
Tortugas--Dry Tortugas NP,2023-10-23,9.306000000000001
Tortugas--Dry Tortugas NP,2023-10-24,9.08
Tortugas--Dry Tortugas NP,2023-10-25,8.846
Tortugas--Dry Tortugas NP,2023-10-26,8.606
Tortugas--Dry Tortugas NP,2023-10-27,8.386
Tortugas--Dry Tortugas NP,2023-10-28,8.136
Tortugas--Dry Tortugas NP,2023-10-29,7.8500000000000005
Tortugas--Dry Tortugas NP,2023-10-30,7.554
Tortugas--Dry Tortugas NP,2023-10-31,7.256
Tortugas--Dry Tortugas NP,2023-11-01,6.978000000000001
Tortugas--Dry Tortugas NP,2023-11-02,6.662
Tortugas--Dry Tortugas NP,2023-11-03,6.33
Tortugas--Dry Tortugas NP,2023-11-04,6.038
Tortugas--Dry Tortugas NP,2023-11-05,5.724
Tortugas--Dry Tortugas NP,2023-11-06,5.42
Tortugas--Dry Tortugas NP,2023-11-07,5.122
Tortugas--Dry Tortugas NP,2023-11-08,4.844
Tortugas--Dry Tortugas NP,2023-11-09,4.574
Tortugas--Dry Tortugas NP,2023-11-10,4.3
Tortugas--Dry Tortugas NP,2023-11-11,4.0200000000000005
Tortugas--Dry Tortugas NP,2023-11-12,3.744
Tortugas--Dry Tortugas NP,2023-11-13,3.5180000000000002
Tortugas--Dry Tortugas NP,2023-11-14,3.3040000000000003
Tortugas--Dry Tortugas NP,2023-11-15,3.1300000000000003
Tortugas--Dry Tortugas NP,2023-11-16,2.966
Tortugas--Dry Tortugas NP,2023-11-17,2.786
Tortugas--Dry Tortugas NP,2023-11-18,2.6140000000000003
Tortugas--Dry Tortugas NP,2023-11-19,2.43
Tortugas--Dry Tortugas NP,2023-11-20,2.242
Tortugas--Dry Tortugas NP,2023-11-21,2.0900000000000003
Tortugas--Dry Tortugas NP,2023-11-22,1.9420000000000002
Tortugas--Dry Tortugas NP,2023-11-23,1.9420000000000002
Tortugas--Dry Tortugas NP,2023-11-24,1.9420000000000002
Tortugas--Dry Tortugas NP,2023-11-25,1.9420000000000002
Tortugas--Dry Tortugas NP,2023-11-26,1.9420000000000002
Tortugas--Dry Tortugas NP,2023-11-27,1.9420000000000002
Tortugas--Dry Tortugas NP,2023-11-28,1.9420000000000002
Tortugas--Dry Tortugas NP,2023-11-29,1.9420000000000002
Tortugas--Dry Tortugas NP,2023-11-30,1.9420000000000002
Tortugas--Dry Tortugas NP,2023-12-01,1.9420000000000002
Tortugas--Dry Tortugas NP,2023-12-02,1.9420000000000002
Tortugas--Dry Tortugas NP,2023-12-03,1.9420000000000002
Tortugas--Dry Tortugas NP,2023-12-04,1.824
Tortugas--Dry Tortugas NP,2023-12-05,1.734
Tortugas--Dry Tortugas NP,2023-12-06,1.586
Tortugas--Dry Tortugas NP,2023-12-07,1.498
Tortugas--Dry Tortugas NP,2023-12-08,1.3780000000000001
Tortugas--Dry Tortugas NP,2023-12-09,1.214
Tortugas--Dry Tortugas NP,2023-12-10,1.036
Tortugas--Dry Tortugas NP,2023-12-11,0.858
Tortugas--Dry Tortugas NP,2023-12-12,0.662
Tortugas--Dry Tortugas NP,2023-12-13,0.482
Tortugas--Dry Tortugas NP,2023-12-14,0.308
Tortugas--Dry Tortugas NP,2023-12-15,0.154
Tortugas--Dry Tortugas NP,2023-12-16,0
Tortugas--Dry Tortugas NP,2023-12-17,0
Tortugas--Dry Tortugas NP,2023-12-18,0
Tortugas--Dry Tortugas NP,2023-12-19,0
Tortugas--Dry Tortugas NP,2023-12-20,0
Tortugas--Dry Tortugas NP,2023-12-21,0
Tortugas--Dry Tortugas NP,2023-12-22,0
Tortugas--Dry Tortugas NP,2023-12-23,0
Tortugas--Dry Tortugas NP,2023-12-24,0
Tortugas--Dry Tortugas NP,2023-12-25,0
Tortugas--Dry Tortugas NP,2023-12-26,0
Tortugas--Dry Tortugas NP,2023-12-27,0
Tortugas--Dry Tortugas NP,2023-12-28,0
Tortugas--Dry Tortugas NP,2023-12-29,0
Tortugas--Dry Tortugas NP,2023-12-30,0
Tortugas--Dry Tortugas NP,2023-12-31,0
