siteclust,subregion,date,species,coral_type,lat,lon,n_alive,n_dead,n_total,pct_mort,dhw,cummaxdhw
1,Upper Keys,2023-08-04,ACER,Outplant,25.22146261977778,-80.21065787388889,58,342,400,0.855,8.08,8.08
1,Upper Keys,2023-08-11,ACER,Outplant,25.22146261977778,-80.21065787388889,281,169,450,0.37555555555555553,10.11,10.11
1,Upper Keys,2023-08-11,APAL,Outplant,25.22146261977778,-80.21065787388889,263,1161,1424,0.8153089887640449,10.11,10.11
1,Upper Keys,2023-08-19,ACER,Outplant,25.22146261977778,-80.21065787388889,115,53,168,0.31547619047619047,12.19,12.19
1,Upper Keys,2023-09-22,ACER,Outplant,25.22146261977778,-80.21065787388889,50,241,291,0.8281786941580757,16.21,16.21
1,Upper Keys,2023-09-22,APAL,Outplant,25.22146261977778,-80.21065787388889,1,0,1,0,16.21,16.21
1,Upper Keys,2023-10-31,APAL,Wild,25.22146261977778,-80.21065787388889,0,71,71,1,7.0200000000000005,16.21
1,Upper Keys,2023-11-07,ACER,Outplant,25.22146261977778,-80.21065787388889,0,141,141,1,4.94,16.21
1,Upper Keys,2023-11-25,ACER,Outplant,25.22146261977778,-80.21065787388889,0,39,39,1,1.6600000000000001,16.21
1,Upper Keys,2024-01-31,ACER,Outplant,25.22146261977778,-80.21065787388889,153,1611,1764,0.9132653061224489,0,16.21
1,Upper Keys,2024-02-01,APAL,Wild,25.22146261977778,-80.21065787388889,1,0,1,0,0,16.21
1,Upper Keys,2024-02-09,ACER,Outplant,25.22146261977778,-80.21065787388889,36,111,147,0.7551020408163265,0,16.21
1,Upper Keys,2024-02-09,APAL,Outplant,25.22146261977778,-80.21065787388889,1,161,162,0.9938271604938271,0,16.21
1,Upper Keys,2024-02-13,ACER,Outplant,25.22146261977778,-80.21065787388889,0,271,271,1,0,16.21
1,Upper Keys,2024-02-13,APAL,Outplant,25.22146261977778,-80.21065787388889,0,97,97,1,0,16.21
1,Upper Keys,2024-03-18,ACER,Outplant,25.22146261977778,-80.21065787388889,62,33,95,0.3473684210526316,0,16.21
10,Upper Keys,2023-10-23,APAL,Wild,25.0337599,-80.3502695,0,12,12,1,9.02,17.03
10,Upper Keys,2023-12-05,APAL,Wild,25.0337599,-80.3502695,0,3,3,1,1.6400000000000001,17.03
10,Upper Keys,2024-02-01,APAL,Wild,25.0337599,-80.3502695,1,0,1,0,0,17.03
11,Upper Keys,2023-10-01,APAL,Wild,25.112720216666666,-80.30377966666667,0,5,5,1,15.58,17.28
11,Upper Keys,2023-10-11,APAL,Wild,25.112720216666666,-80.30377966666667,0,9,9,1,12.38,17.28
11,Upper Keys,2023-12-05,APAL,Wild,25.112720216666666,-80.30377966666667,0,20,20,1,1.61,17.28
12,Upper Keys,2023-07-20,ACER,Outplant,25.134927492105263,-80.29363458333333,8,0,8,0,5.63,5.63
12,Upper Keys,2023-07-20,APAL,Outplant,25.134927492105263,-80.29363458333333,1,124,125,0.992,5.63,5.63
12,Upper Keys,2023-08-18,ACER,Outplant,25.134927492105263,-80.29363458333333,8,160,168,0.9523809523809523,13.73,13.73
12,Upper Keys,2023-08-18,APAL,Outplant,25.134927492105263,-80.29363458333333,10,76,86,0.8837209302325582,13.73,13.73
12,Upper Keys,2023-09-21,ACER,Outplant,25.134927492105263,-80.29363458333333,2,6,8,0.75,17.97,17.97
12,Upper Keys,2023-09-21,APAL,Outplant,25.134927492105263,-80.29363458333333,88,37,125,0.296,17.97,17.97
12,Upper Keys,2023-09-25,APAL,Wild,25.134927492105263,-80.29363458333333,0,148,148,1,17.490000000000002,17.97
12,Upper Keys,2023-10-06,APAL,Wild,25.134927492105263,-80.29363458333333,0,5,5,1,14.280000000000001,17.97
12,Upper Keys,2023-10-11,APAL,Wild,25.134927492105263,-80.29363458333333,0,1,1,1,12.6,17.97
12,Upper Keys,2023-11-05,ACER,Outplant,25.134927492105263,-80.29363458333333,0,8,8,1,5.54,17.97
12,Upper Keys,2023-11-05,APAL,Outplant,25.134927492105263,-80.29363458333333,125,0,125,0,5.54,17.97
12,Upper Keys,2023-11-27,APAL,Wild,25.134927492105263,-80.29363458333333,0,3,3,1,1.8,17.97
12,Upper Keys,2023-12-05,APAL,Wild,25.134927492105263,-80.29363458333333,0,57,57,1,1.6400000000000001,17.97
12,Upper Keys,2024-02-09,ACER,Outplant,25.134927492105263,-80.29363458333333,13,140,153,0.9150326797385621,0,17.97
12,Upper Keys,2024-02-09,APAL,Outplant,25.134927492105263,-80.29363458333333,0,89,89,1,0,17.97
13,Middle Keys,2023-09-25,APAL,Wild,24.939072,-80.484465,0,6,6,1,18.37,18.78
14,Upper Keys,2023-12-04,APAL,Wild,25.0137503375,-80.37158037500001,0,53,53,1,1.59,15.790000000000001
15,Upper Keys,2023-10-31,APAL,Wild,25.2092,-80.243,0,9,9,1,7.24,17.54
16,Upper Keys,2023-12-04,APAL,Wild,25.01575,-80.405216,0,30,30,1,1.85,17.07
17,Upper Keys,2023-08-12,ACER,Outplant,25.209177501875,-80.2191835234375,113,88,201,0.43781094527363185,10.43,10.43
17,Upper Keys,2023-08-12,APAL,Outplant,25.209177501875,-80.2191835234375,55,10,65,0.15384615384615385,10.43,10.43
17,Upper Keys,2023-10-06,ACER,Outplant,25.209177501875,-80.2191835234375,137,39,176,0.2215909090909091,13.290000000000001,16.21
17,Upper Keys,2023-10-31,APAL,Wild,25.209177501875,-80.2191835234375,0,41,41,1,7.0200000000000005,16.21
17,Upper Keys,2023-11-25,ACER,Outplant,25.209177501875,-80.2191835234375,0,14,14,1,1.6600000000000001,16.21
17,Upper Keys,2024-02-08,ACER,Outplant,25.209177501875,-80.2191835234375,171,286,457,0.6258205689277899,0,16.21
17,Upper Keys,2024-02-08,APAL,Outplant,25.209177501875,-80.2191835234375,33,95,128,0.7421875,0,16.21
17,Upper Keys,2024-02-09,ACER,Outplant,25.209177501875,-80.2191835234375,104,96,200,0.48,0,16.21
17,Upper Keys,2024-02-09,APAL,Outplant,25.209177501875,-80.2191835234375,0,1,1,1,0,16.21
18,Upper Keys,2023-11-27,APAL,Wild,25.171266,-80.266,0,1,1,1,1.72,16.92
19,Upper Keys,2023-07-26,APAL,Wild,25.2807167,-80.2088667,0,140,140,1,7.07,7.07
2,Lower Keys,2023-08-01,APAL,Outplant,24.46009533333333,-81.84418155555555,0,847,847,1,8.24,8.24
2,Lower Keys,2023-08-11,ACER,Outplant,24.46009533333333,-81.84418155555555,127,951,1078,0.8821892393320965,11.23,11.23
2,Lower Keys,2023-08-15,ACER,Outplant,24.46009533333333,-81.84418155555555,131,87,218,0.39908256880733944,12.620000000000001,12.620000000000001
2,Lower Keys,2023-08-15,APAL,Outplant,24.46009533333333,-81.84418155555555,22,96,118,0.8135593220338984,12.620000000000001,12.620000000000001
2,Lower Keys,2023-08-16,APAL,Outplant,24.46009533333333,-81.84418155555555,55,369,424,0.8702830188679245,12.91,12.91
2,Lower Keys,2023-10-05,ACER,Outplant,24.46009533333333,-81.84418155555555,0,284,284,1,15.97,18.39
2,Lower Keys,2023-10-06,ACER,Outplant,24.46009533333333,-81.84418155555555,5,115,120,0.9583333333333334,15.65,18.39
2,Lower Keys,2023-10-10,ACER,Outplant,24.46009533333333,-81.84418155555555,3,205,208,0.9855769230769231,14.33,18.39
2,Lower Keys,2023-10-10,APAL,Outplant,24.46009533333333,-81.84418155555555,2,112,114,0.9824561403508771,14.33,18.39
2,Lower Keys,2023-10-31,APAL,Outplant,24.46009533333333,-81.84418155555555,0,769,769,1,8.48,18.39
2,Lower Keys,2023-11-07,ACER,Outplant,24.46009533333333,-81.84418155555555,0,918,918,1,6.07,18.39
2,Lower Keys,2023-11-09,ACER,Outplant,24.46009533333333,-81.84418155555555,0,299,299,1,5.5,18.39
2,Lower Keys,2023-11-09,APAL,Outplant,24.46009533333333,-81.84418155555555,3,3151,3154,0.9990488268864933,5.5,18.39
2,Lower Keys,2023-11-29,ACER,Outplant,24.46009533333333,-81.84418155555555,5,165,170,0.9705882352941176,2.86,18.39
2,Lower Keys,2023-12-04,APAL,Outplant,24.46009533333333,-81.84418155555555,0,1185,1185,1,2.7,18.39
2,Lower Keys,2024-01-02,ACER,Outplant,24.46009533333333,-81.84418155555555,2,1871,1873,0.99893219434063,0,18.39
2,Lower Keys,2024-01-02,APAL,Outplant,24.46009533333333,-81.84418155555555,7,6168,6175,0.9988663967611336,0,18.39
2,Lower Keys,2024-01-03,ACER,Outplant,24.46009533333333,-81.84418155555555,20,2483,2503,0.9920095884938074,0,18.39
2,Lower Keys,2024-01-03,APAL,Outplant,24.46009533333333,-81.84418155555555,0,1147,1147,1,0,18.39
2,Lower Keys,2024-01-31,APAL,Outplant,24.46009533333333,-81.84418155555555,4,669,673,0.9940564635958395,0,18.39
2,Lower Keys,2024-02-13,ACER,Outplant,24.46009533333333,-81.84418155555555,0,308,308,1,0,18.39
2,Lower Keys,2024-02-13,APAL,Outplant,24.46009533333333,-81.84418155555555,14,437,451,0.9689578713968958,0,18.39
2,Lower Keys,2024-05-10,ACER,Outplant,24.46009533333333,-81.84418155555555,0,306,306,1,0,18.39
20,Upper Keys,2023-10-31,APAL,Wild,25.186216616666666,-80.24255788333333,3,53,56,0.9464285714285714,7.24,17.54
21,Tortugas--Dry Tortugas NP,2023-08-09,APAL,Wild,24.620765,-82.867385,124,7,131,0.05343511450381679,7.55,7.55
21,Tortugas--Dry Tortugas NP,2023-08-16,APAL,Outplant,24.620765,-82.867385,6,6,12,0.5,9.73,9.73
21,Tortugas--Dry Tortugas NP,2023-11-08,APAL,Outplant,24.620765,-82.867385,0,12,12,1,4.62,14.35
21,Tortugas--Dry Tortugas NP,2024-02-02,APAL,Wild,24.620765,-82.867385,0,131,131,1,0,14.35
22,Tortugas--Dry Tortugas NP,2023-06-30,ACER,Outplant,24.680955333333333,-82.89099433333334,180,0,180,0,0,0
22,Tortugas--Dry Tortugas NP,2023-09-09,ACER,Outplant,24.680955333333333,-82.89099433333334,22,136,158,0.8607594936708861,13.200000000000001,13.200000000000001
22,Tortugas--Dry Tortugas NP,2024-02-02,APAL,Wild,24.680955333333333,-82.89099433333334,0,5,5,1,0,15.32
23,Biscayne,2023-08-03,APAL,Wild,25.317226179867,-80.1861780047814,17,0,17,0,8.68,8.68
23,Biscayne,2023-08-23,APAL,Outplant,25.317226179867,-80.1861780047814,3,5,8,0.625,13.92,13.92
23,Biscayne,2023-11-11,APAL,Outplant,25.317226179867,-80.1861780047814,2,7,9,0.7777777777777778,3.65,16.79
23,Biscayne,2023-11-17,APAL,Wild,25.317226179867,-80.1861780047814,15,2,17,0.11764705882352941,2.5,16.79
23,Biscayne,2024-03-01,APAL,Outplant,25.317226179867,-80.1861780047814,23,177,200,0.885,0,16.79
23,Biscayne,2024-03-01,APAL,Wild,25.317226179867,-80.1861780047814,15,8,23,0.34782608695652173,0,16.79
24,Biscayne,2023-08-03,APAL,Wild,25.3732,-80.16031,14,0,14,0,7.61,7.61
24,Biscayne,2023-11-17,APAL,Wild,25.3732,-80.16031,0,14,14,1,2.6,15.6
25,Lower Keys,2023-10-18,APAL,Outplant,24.553425,-81.37904,2,285,287,0.9930313588850174,11.46,19.39
25,Lower Keys,2023-11-09,ACER,Outplant,24.553425,-81.37904,0,744,744,1,5.26,19.39
26,Lower Keys,2023-11-17,ACER,Outplant,24.5333225,-81.472025,12,938,950,0.9873684210526316,3.52,19.68
26,Lower Keys,2023-11-28,ACER,Outplant,24.5333225,-81.472025,158,46,204,0.22549019607843138,2.67,19.68
27,Lower Keys,2023-11-28,ACER,Outplant,24.516484545454546,-81.54748363636364,141,1162,1303,0.8917881811204912,2.59,18.71
27,Lower Keys,2023-11-28,APAL,Outplant,24.516484545454546,-81.54748363636364,0,24,24,1,2.59,18.71
27,Lower Keys,2023-12-04,ACER,Outplant,24.516484545454546,-81.54748363636364,9,1327,1336,0.9932634730538922,2.43,18.71
28,Lower Keys,2023-11-10,ACER,Outplant,24.50599,-81.5935,0,497,497,1,4.91,18.650000000000002
29,Lower Keys,2023-11-10,ACER,Outplant,24.471865,-81.76455999999999,0,654,654,1,5.12,17.93
3,Lower Keys,2023-08-17,ACER,Outplant,24.614938333333335,-81.386315,0,130,130,1,18.59,18.59
3,Lower Keys,2023-09-18,ACER,Outplant,24.614938333333335,-81.386315,0,288,288,1,20.6,21.13
3,Lower Keys,2023-10-17,ACER,Outplant,24.614938333333335,-81.386315,0,96,96,1,12.370000000000001,21.13
3,Lower Keys,2024-03-12,ACER,Outplant,24.614938333333335,-81.386315,0,202,202,1,0,21.13
30,Lower Keys,2024-01-16,ACER,Outplant,24.444805000000002,-81.9258,3,597,600,0.995,0,18.84
31,Lower Keys,2024-01-16,ACER,Outplant,24.45692,-81.90785,0,490,490,1,0,18.71
32,Lower Keys,2023-11-10,ACER,Outplant,24.493776666666665,-81.65581,0,998,998,1,5.11,19
32,Lower Keys,2023-11-27,APAL,Outplant,24.493776666666665,-81.65581,5,1195,1200,0.9958333333333333,2.7800000000000002,19
33,Lower Keys,2023-11-08,ACER,Outplant,24.530938,-81.485742,0,375,375,1,5.5600000000000005,20.19
33,Lower Keys,2023-11-17,ACER,Outplant,24.530938,-81.485742,0,122,122,1,3.5500000000000003,20.19
33,Lower Keys,2023-11-28,ACER,Outplant,24.530938,-81.485742,1,862,863,0.9988412514484357,2.7,20.19
33,Lower Keys,2023-12-05,ACER,Outplant,24.530938,-81.485742,0,145,145,1,2.37,20.19
33,Lower Keys,2024-02-02,ACER,Outplant,24.530938,-81.485742,0,225,225,1,0,20.19
34,Lower Keys,2023-10-17,ACER,Outplant,24.62133,-81.36317,0,74,74,1,12.370000000000001,21.13
35,Middle Keys,2023-10-06,ACER,Outplant,24.68441,-80.96599,0,393,393,1,15.93,20.41
36,Lower Keys,2023-09-29,ACER,Outplant,24.540693333333333,-81.44109888888889,0,225,225,1,17.97,19.68
36,Lower Keys,2023-11-08,ACER,Outplant,24.540693333333333,-81.44109888888889,0,375,375,1,5.5200000000000005,19.68
36,Lower Keys,2023-11-09,ACER,Outplant,24.540693333333333,-81.44109888888889,0,703,703,1,5.23,19.68
36,Lower Keys,2024-01-11,ACER,Outplant,24.540693333333333,-81.44109888888889,0,21,21,1,0,19.68
37,Lower Keys,2023-12-04,ACER,Outplant,24.5262,-81.50222777777778,0,2125,2125,1,2.54,20.19
37,Lower Keys,2024-02-02,ACER,Outplant,24.5262,-81.50222777777778,0,225,225,1,0,20.19
38,Lower Keys,2023-10-09,ACER,Outplant,24.474934,-81.739744,0,397,397,1,14.280000000000001,17.93
38,Lower Keys,2023-11-10,ACER,Outplant,24.474934,-81.739744,36,528,564,0.9361702127659575,5.12,17.93
38,Lower Keys,2024-01-16,ACER,Outplant,24.474934,-81.739744,0,219,219,1,0,17.93
39,Lower Keys,2023-11-10,ACER,Outplant,24.48972,-81.67159,0,376,376,1,5.11,19
4,Upper Keys,2023-08-14,APAL,Outplant,24.986858335714285,-80.41520614285714,847,2514,3361,0.7479916691460875,12.1,12.1
4,Upper Keys,2023-09-09,ACER,Outplant,24.986858335714285,-80.41520614285714,327,1343,1670,0.8041916167664671,15.22,15.22
4,Upper Keys,2023-09-09,APAL,Outplant,24.986858335714285,-80.41520614285714,7,821,828,0.9915458937198067,15.22,15.22
4,Upper Keys,2023-10-09,ACER,Outplant,24.986858335714285,-80.41520614285714,0,350,350,1,12.73,17.07
4,Upper Keys,2023-10-23,APAL,Wild,24.986858335714285,-80.41520614285714,0,1,1,1,9.05,17.07
4,Upper Keys,2023-12-04,APAL,Wild,24.986858335714285,-80.41520614285714,0,1,1,1,1.85,17.07
4,Upper Keys,2024-01-04,ACER,Outplant,24.986858335714285,-80.41520614285714,0,81,81,1,0,17.07
4,Upper Keys,2024-01-05,ACER,Outplant,24.986858335714285,-80.41520614285714,20,90,110,0.8181818181818182,0,17.07
4,Upper Keys,2024-01-05,APAL,Outplant,24.986858335714285,-80.41520614285714,0,209,209,1,0,17.07
4,Upper Keys,2024-04-12,ACER,Outplant,24.986858335714285,-80.41520614285714,0,102,102,1,0,17.07
40,Lower Keys,2023-09-29,ACER,Outplant,24.51006,-81.570164,0,300,300,1,17.41,18.71
40,Lower Keys,2023-12-04,ACER,Outplant,24.51006,-81.570164,0,1243,1243,1,2.43,18.71
40,Lower Keys,2023-12-04,APAL,Outplant,24.51006,-81.570164,3,591,594,0.9949494949494949,2.43,18.71
41,Lower Keys,2023-11-10,ACER,Outplant,24.499615,-81.63146,0,749,749,1,5.11,19
42,Lower Keys,2023-09-29,ACER,Outplant,24.522404,-81.52017,0,296,296,1,17.29,18.62
42,Lower Keys,2023-12-04,ACER,Outplant,24.522404,-81.52017,0,818,818,1,2.44,18.62
42,Lower Keys,2023-12-04,APAL,Outplant,24.522404,-81.52017,2,610,612,0.9967320261437909,2.44,18.62
43,Lower Keys,2023-10-05,ACER,Outplant,24.454845,-81.87914,8,285,293,0.9726962457337884,16.3,18.71
43,Lower Keys,2024-01-31,APAL,Outplant,24.454845,-81.87914,2,586,588,0.9965986394557823,0,18.71
44,Middle Keys,2023-10-06,ACER,Outplant,24.77622,-80.73689,0,290,290,1,16.44,21.03
45,Lower Keys,2023-11-17,ACER,Outplant,24.53896,-81.451145,0,998,998,1,3.52,19.68
46,Lower Keys,2023-10-09,ACER,Outplant,24.482108888888888,-81.70589444444444,0,394,394,1,14.97,19.22
46,Lower Keys,2023-11-10,ACER,Outplant,24.482108888888888,-81.70589444444444,0,179,179,1,5.18,19.22
46,Lower Keys,2023-11-27,APAL,Outplant,24.482108888888888,-81.70589444444444,10,3320,3330,0.996996996996997,2.84,19.22
46,Lower Keys,2024-01-16,ACER,Outplant,24.482108888888888,-81.70589444444444,0,115,115,1,0,19.22
47,Broward-Miami,2023-06-02,ACER,Outplant,25.997518832866962,-80.1100105872521,103,6,109,0.05504587155963303,0,0
47,Broward-Miami,2023-08-18,ACER,Outplant,25.997518832866962,-80.1100105872521,95,14,109,0.12844036697247707,7.78,7.78
47,Broward-Miami,2023-10-17,ACER,Outplant,25.997518832866962,-80.1100105872521,208,28,236,0.11864406779661017,6.26,10.3
47,Broward-Miami,2024-01-19,ACER,Outplant,25.997518832866962,-80.1100105872521,113,39,152,0.2565789473684211,0,10.3
47,Broward-Miami,2024-03-14,ACER,Outplant,25.997518832866962,-80.1100105872521,79,28,107,0.2616822429906542,0,10.3
47,Broward-Miami,2024-03-28,ACER,Wild,25.997518832866962,-80.1100105872521,58,95,153,0.6209150326797386,0,10.3
47,Broward-Miami,2024-04-04,ACER,Wild,25.997518832866962,-80.1100105872521,39,60,99,0.6060606060606061,0,10.3
48,Broward-Miami,2023-06-02,ACER,Outplant,26.013216018676758,-80.1066370010376,134,20,154,0.12987012987012986,0,0
48,Broward-Miami,2023-08-18,ACER,Outplant,26.013216018676758,-80.1066370010376,117,37,154,0.24025974025974026,7.78,7.78
48,Broward-Miami,2023-10-17,ACER,Outplant,26.013216018676758,-80.1066370010376,43,2,45,0.044444444444444446,6.26,10.3
48,Broward-Miami,2023-11-27,ACER,Outplant,26.013216018676758,-80.1066370010376,51,17,68,0.25,0.46,10.3
48,Broward-Miami,2024-03-14,ACER,Outplant,26.013216018676758,-80.1066370010376,79,51,130,0.3923076923076923,0,10.3
49,Broward-Miami,2023-10-17,ACER,Outplant,26.145856584821427,-80.09374128069196,158,25,183,0.1366120218579235,6.33,10.31
49,Broward-Miami,2024-03-20,ACER,Wild,26.145856584821427,-80.09374128069196,0,4,4,1,0,10.31
49,Broward-Miami,2024-03-21,ACER,Wild,26.145856584821427,-80.09374128069196,16,7,23,0.30434782608695654,0,10.31
49,Broward-Miami,2024-04-18,ACER,Outplant,26.145856584821427,-80.09374128069196,76,32,108,0.2962962962962963,0,10.31
5,Middle Keys,2023-07-31,APAL,Outplant,24.626045675675677,-81.11055108108108,14,8,22,0.36363636363636365,11.69,11.69
5,Middle Keys,2023-07-31,APAL,Wild,24.626045675675677,-81.11055108108108,3,13,16,0.8125,11.69,11.69
5,Middle Keys,2023-08-14,ACER,Outplant,24.626045675675677,-81.11055108108108,69,405,474,0.8544303797468354,16.22,16.22
5,Middle Keys,2023-08-14,APAL,Outplant,24.626045675675677,-81.11055108108108,12,185,197,0.9390862944162437,16.22,16.22
5,Middle Keys,2023-09-14,ACER,Outplant,24.626045675675677,-81.11055108108108,0,700,700,1,19.22,19.29
5,Middle Keys,2023-09-14,APAL,Outplant,24.626045675675677,-81.11055108108108,141,2252,2393,0.9410781445883828,19.22,19.29
5,Middle Keys,2023-10-06,ACER,Outplant,24.626045675675677,-81.11055108108108,0,274,274,1,15.92,20.21
5,Middle Keys,2023-12-04,APAL,Outplant,24.626045675675677,-81.11055108108108,5,17,22,0.7727272727272727,2.7,20.21
5,Middle Keys,2023-12-04,APAL,Wild,24.626045675675677,-81.11055108108108,0,16,16,1,2.7,20.21
5,Middle Keys,2024-02-12,ACER,Outplant,24.626045675675677,-81.11055108108108,0,191,191,1,0,20.21
5,Middle Keys,2024-02-12,APAL,Outplant,24.626045675675677,-81.11055108108108,3,118,121,0.9752066115702479,0,20.21
50,Broward-Miami,2023-07-07,APAL,Wild,26.210536670684814,-80.08564910888671,24,3,27,0.1111111111111111,0.5,0.5
50,Broward-Miami,2023-08-01,APAL,Outplant,26.210536670684814,-80.08564910888671,140,21,161,0.13043478260869565,4.64,4.64
50,Broward-Miami,2023-11-06,APAL,Wild,26.210536670684814,-80.08564910888671,30,0,30,0,3.18,10.31
50,Broward-Miami,2023-11-13,ACER,Outplant,26.210536670684814,-80.08564910888671,41,4,45,0.08888888888888889,1.8800000000000001,10.31
50,Broward-Miami,2023-11-13,APAL,Outplant,26.210536670684814,-80.08564910888671,115,46,161,0.2857142857142857,1.8800000000000001,10.31
50,Broward-Miami,2024-01-30,APAL,Outplant,26.210536670684814,-80.08564910888671,87,74,161,0.45962732919254656,0,10.31
50,Broward-Miami,2024-03-08,APAL,Wild,26.210536670684814,-80.08564910888671,27,3,30,0.1,0,10.31
50,Broward-Miami,2024-03-20,ACER,Wild,26.210536670684814,-80.08564910888671,36,6,42,0.14285714285714285,0,10.31
51,Broward-Miami,2023-07-07,APAL,Wild,26.182849611554825,-80.0898677280971,1,0,1,0,0.5,0.5
51,Broward-Miami,2023-11-06,APAL,Wild,26.182849611554825,-80.0898677280971,1,0,1,0,3.18,10.31
51,Broward-Miami,2023-11-13,ACER,Outplant,26.182849611554825,-80.0898677280971,43,2,45,0.044444444444444446,1.8800000000000001,10.31
51,Broward-Miami,2024-02-14,ACER,Outplant,26.182849611554825,-80.0898677280971,76,98,174,0.5632183908045977,0,10.31
51,Broward-Miami,2024-03-08,APAL,Wild,26.182849611554825,-80.0898677280971,0,1,1,1,0,10.31
51,Broward-Miami,2024-03-20,ACER,Wild,26.182849611554825,-80.0898677280971,19,13,32,0.40625,0,10.31
52,Broward-Miami,2023-11-13,ACER,Outplant,26.199350357055664,-80.08897247314454,45,0,45,0,1.8800000000000001,10.31
52,Broward-Miami,2024-02-14,ACER,Outplant,26.199350357055664,-80.08897247314454,87,72,159,0.4528301886792453,0,10.31
52,Broward-Miami,2024-03-20,ACER,Wild,26.199350357055664,-80.08897247314454,15,7,22,0.3181818181818182,0,10.31
52,Broward-Miami,2024-05-03,ACER,Outplant,26.199350357055664,-80.08897247314454,64,36,100,0.36,0,10.31
53,Broward-Miami,2023-07-20,APAL,Wild,26.109182834625244,-80.098114013671875,1,1,2,0.5,3.0100000000000002,3.0100000000000002
53,Broward-Miami,2023-11-06,APAL,Wild,26.109182834625244,-80.098114013671875,1,0,1,0,3.18,10.31
53,Broward-Miami,2024-03-08,APAL,Wild,26.109182834625244,-80.098114013671875,1,0,1,0,0,10.31
53,Broward-Miami,2024-03-21,ACER,Wild,26.109182834625244,-80.098114013671875,13,21,34,0.6176470588235294,0,10.31
54,Broward-Miami,2024-03-20,ACER,Wild,26.1586332321167,-80.09680938720703,14,4,18,0.2222222222222222,0,10.31
54,Broward-Miami,2024-03-21,ACER,Wild,26.1586332321167,-80.09680938720703,25,23,48,0.4791666666666667,0,10.31
55,Broward-Miami,2023-07-20,APAL,Wild,26.06255006790161,-80.10639381408691,5,1,6,0.16666666666666666,3.0300000000000002,3.0300000000000002
55,Broward-Miami,2023-11-06,APAL,Wild,26.06255006790161,-80.10639381408691,5,0,5,0,3.29,10.43
55,Broward-Miami,2024-03-08,APAL,Wild,26.06255006790161,-80.10639381408691,5,0,5,0,0,10.43
55,Broward-Miami,2024-04-04,ACER,Wild,26.06255006790161,-80.10639381408691,15,44,59,0.7457627118644068,0,10.43
56,Broward-Miami,2024-03-28,ACER,Wild,25.976316452026367,-80.11518096923828,6,35,41,0.8536585365853658,0,10.3
57,Biscayne,2023-08-10,ACER,Outplant,25.641212222222222,-80.09595111111112,119,0,119,0,8.03,8.03
57,Biscayne,2023-09-01,ACER,Outplant,25.641212222222222,-80.09595111111112,98,18,116,0.15517241379310345,11.96,11.96
57,Biscayne,2023-09-30,ACER,Outplant,25.641212222222222,-80.09595111111112,127,5,132,0.03787878787878788,11.59,12.59
57,Biscayne,2023-10-20,ACER,Outplant,25.641212222222222,-80.09595111111112,144,41,185,0.22162162162162163,6.84,12.59
57,Biscayne,2023-11-10,ACER,Outplant,25.641212222222222,-80.09595111111112,87,5,92,0.05434782608695652,2.61,12.59
57,Biscayne,2024-02-26,APAL,Outplant,25.641212222222222,-80.09595111111112,795,33,828,0.03985507246376811,0,12.59
58,Biscayne,2023-08-18,APAL,Outplant,25.475755,-80.1385375,0,10,10,1,11.91,11.91
58,Biscayne,2024-02-26,APAL,Outplant,25.475755,-80.1385375,18,810,828,0.9782608695652174,0,15.25
58,Biscayne,2024-03-01,APAL,Outplant,25.475755,-80.1385375,7,93,100,0.93,0,15.25
58,Biscayne,2024-03-01,APAL,Wild,25.475755,-80.1385375,0,26,26,1,0,15.25
59,Broward-Miami,2023-07-25,ACER,Outplant,25.83403,-80.10703,143,0,143,0,4.38,4.38
59,Broward-Miami,2023-12-01,ACER,Outplant,25.83403,-80.10703,109,4,113,0.035398230088495575,0.49,10.84
6,Lower Keys,2023-07-25,APAL,Outplant,24.546137073170733,-81.40537463414634,12,5,17,0.29411764705882354,10.3,10.3
6,Lower Keys,2023-07-25,APAL,Wild,24.546137073170733,-81.40537463414634,45,27,72,0.375,10.3,10.3
6,Lower Keys,2023-08-16,ACER,Outplant,24.546137073170733,-81.40537463414634,80,103,183,0.5628415300546448,16.54,16.54
6,Lower Keys,2023-08-16,APAL,Outplant,24.546137073170733,-81.40537463414634,12,236,248,0.9516129032258065,16.54,16.54
6,Lower Keys,2023-10-09,ACER,Outplant,24.546137073170733,-81.40537463414634,0,195,195,1,14.52,19.39
6,Lower Keys,2023-10-09,APAL,Outplant,24.546137073170733,-81.40537463414634,0,90,90,1,14.52,19.39
6,Lower Keys,2023-11-08,ACER,Outplant,24.546137073170733,-81.40537463414634,3,85,88,0.9659090909090909,5.54,19.39
6,Lower Keys,2023-12-05,APAL,Outplant,24.546137073170733,-81.40537463414634,0,17,17,1,2.35,19.39
6,Lower Keys,2023-12-05,APAL,Wild,24.546137073170733,-81.40537463414634,0,72,72,1,2.35,19.39
6,Lower Keys,2024-01-04,APAL,Outplant,24.546137073170733,-81.40537463414634,0,2156,2156,1,0,19.39
6,Lower Keys,2024-01-18,APAL,Outplant,24.546137073170733,-81.40537463414634,0,5,5,1,0,19.39
6,Lower Keys,2024-02-12,ACER,Outplant,24.546137073170733,-81.40537463414634,0,126,126,1,0,19.39
6,Lower Keys,2024-02-12,APAL,Outplant,24.546137073170733,-81.40537463414634,0,103,103,1,0,19.39
6,Lower Keys,2024-03-12,APAL,Outplant,24.546137073170733,-81.40537463414634,0,324,324,1,0,19.39
60,Biscayne,2023-07-25,ACER,Outplant,25.7277,-80.09989,24,1,25,0.04,4.64,4.64
60,Biscayne,2023-10-11,ACER,Outplant,25.7277,-80.09989,19,6,25,0.24,8.09,11.35
61,Biscayne,2023-08-10,ACER,Wild/Outplant,25.5656675,-80.10125625,104,0,104,0,8.55,8.55
61,Biscayne,2023-08-18,APAL,Outplant,25.5656675,-80.10125625,9,0,9,0,10.59,10.59
61,Biscayne,2023-11-10,ACER,Wild/Outplant,25.5656675,-80.10125625,6,98,104,0.9423076923076923,3.63,14.22
61,Biscayne,2023-11-11,APAL,Outplant,25.5656675,-80.10125625,4,5,9,0.5555555555555556,3.44,14.22
61,Biscayne,2024-03-01,APAL,Outplant,25.5656675,-80.10125625,5,95,100,0.95,0,14.22
61,Biscayne,2024-03-01,APAL,Wild,25.5656675,-80.10125625,1,11,12,0.9166666666666666,0,14.22
61,Biscayne,2024-05-01,APAL,Outplant,25.5656675,-80.10125625,2,98,100,0.98,0,14.22
62,Tortugas--Dry Tortugas NP,2023-06-30,ACER,Outplant,24.702541500000002,-82.7989565,180,0,180,0,0,0
62,Tortugas--Dry Tortugas NP,2023-08-15,APAL,Outplant,24.702541500000002,-82.7989565,11,11,22,0.5,10.22,10.22
62,Tortugas--Dry Tortugas NP,2023-09-09,ACER,Outplant,24.702541500000002,-82.7989565,14,122,136,0.8970588235294118,13.38,13.38
62,Tortugas--Dry Tortugas NP,2023-11-08,APAL,Outplant,24.702541500000002,-82.7989565,0,22,22,1,5.0200000000000005,15.51
63,Tortugas--Dry Tortugas NP,2023-11-08,APAL,Outplant,24.69355,-82.7728,0,7,7,1,5.0200000000000005,15.51
64,Tortugas--Dry Tortugas NP,2023-06-30,ACER,Outplant,24.61915,-82.920517,180,0,180,0,0,0
64,Tortugas--Dry Tortugas NP,2023-09-09,ACER,Outplant,24.61915,-82.920517,2,104,106,0.9811320754716981,12.61,12.61
65,Middle Keys,2023-08-13,ACER,Outplant,24.90038,-80.6175075,0,45,45,1,14.74,14.74
65,Middle Keys,2023-08-18,ACER,Outplant,24.90038,-80.6175075,0,155,155,1,16.11,16.11
65,Middle Keys,2023-09-20,ACER,Outplant,24.90038,-80.6175075,0,66,66,1,20.35,20.35
66,Biscayne,2024-05-01,APAL,Outplant,25.53167,-80.10287,11,89,100,0.89,0,14.22
67,Biscayne,2024-03-01,APAL,Wild,25.35629,-80.172505,0,9,9,1,0,15.6
68,Biscayne,2024-03-01,APAL,Wild,25.33529,-80.17822,0,43,43,1,0,16.740000000000002
7,Upper Keys,2023-11-27,APAL,Wild,25.159758,-80.281991,0,16,16,1,1.8,17.97
8,Middle Keys,2023-12-04,APAL,Wild,24.960605333333334,-80.45652223333333,0,28,28,1,2.0300000000000002,17.07
9,Upper Keys,2023-11-17,APAL,Wild,25.148446528571426,-80.26312043214286,156,69,225,0.30666666666666664,2.87,16.92
9,Upper Keys,2023-11-27,APAL,Wild,25.148446528571426,-80.26312043214286,42,20,62,0.3225806451612903,1.72,16.92
